match_id,u_i,v_i,u_j,v_j
0,453.3170471191406,131.1263885498047,485.8660583496094,130.15066528320312
1,22.814128875732422,253.9147186279297,63.98128890991211,251.7682342529297
2,587.2330322265625,163.75779724121094,619.0349731445312,162.35873413085938
3,545.2029418945312,147.22299194335938,576.4933471679688,145.77468872070312
4,488.6830749511719,213.90335083007812,519.6288452148438,213.4286651611328
5,258.5107116699219,73.6368179321289,296.0173645019531,73.90486145019531
6,283.33721923828125,87.95243072509766,319.21234130859375,87.93783569335938
7,417.6920471191406,207.54409790039062,448.7351989746094,206.67852783203125
8,465.0652160644531,229.82884216308594,495.9718933105469,229.2761688232422
9,380.4383850097656,223.4740447998047,412.4236145019531,222.27268981933594
10,422.17095947265625,213.73068237304688,453.14642333984375,212.8866424560547
11,399.3420715332031,113.13270568847656,431.8159484863281,112.52507781982422
12,688.161376953125,175.68734741210938,725.9652099609375,174.10264587402344
13,738.9649658203125,203.13951110839844,779.5781860351562,202.65185546875
14,531.7889404296875,222.61190795898438,563.8357543945312,222.24659729003906
15,175.11680603027344,27.373342514038086,212.31410217285156,27.909303665161133
16,563.5037841796875,215.40167236328125,595.8806762695312,215.32928466796875
17,467.1182861328125,132.0780487060547,499.29547119140625,130.6678466796875
18,495.2688903808594,118.42034149169922,527.1519775390625,117.13887023925781
19,605.640625,97.46187591552734,638.4932861328125,95.91985321044922
20,541.1350708007812,229.77337646484375,573.2012329101562,229.5954132080078
21,699.0775146484375,163.94915771484375,737.7308349609375,161.8657989501953
22,665.2100830078125,83.76625061035156,697.5922241210938,81.25567626953125
23,665.2100830078125,83.76625061035156,697.5922241210938,81.25567626953125
24,442.81512451171875,224.4647674560547,473.4766845703125,224.11106872558594
25,649.5310668945312,201.52581787109375,685.5057983398438,201.0039825439453
26,516.1298828125,119.4293212890625,547.8497924804688,117.7680892944336
27,503.1666564941406,214.05638122558594,534.3795166015625,213.54129028320312
28,1075.96435546875,230.615478515625,1141.1566162109375,232.14085388183594
29,448.6637878417969,199.727783203125,479.8332214355469,198.75418090820312
30,547.7008056640625,226.11724853515625,579.9334716796875,225.9379425048828
31,415.4296875,202.27064514160156,446.4911193847656,201.37684631347656
32,368.0148620605469,198.94955444335938,400.1132507324219,197.818603515625
33,236.2093963623047,221.51510620117188,271.8664855957031,220.09471130371094
34,612.3283081054688,255.158203125,646.275390625,256.03729248046875
35,681.2771606445312,294.1794128417969,720.8021240234375,298.6498718261719
36,242.3739471435547,83.72777557373047,279.6724853515625,84.17244720458984
37,830.4708862304688,302.0245361328125,880.0400390625,308.2280578613281
38,426.9903869628906,130.96636962890625,459.3687438964844,129.859619140625
39,370.59423828125,96.00113677978516,403.93927001953125,95.68307495117188
40,537.9725341796875,235.16004943847656,569.8479614257812,235.43260192871094
41,699.0775146484375,163.94915771484375,737.7308349609375,161.8657989501953
42,824.0382080078125,221.80299377441406,872.3497314453125,222.9500274658203
43,656.9232788085938,267.7870178222656,693.7623901367188,269.80224609375
44,652.5328979492188,82.10757446289062,684.8178100585938,79.42813873291016
45,418.5589904785156,211.9827117919922,449.5266418457031,211.0892333984375
46,538.7478637695312,264.1109619140625,570.892578125,265.0575866699219
47,772.7646484375,167.92359924316406,814.5790405273438,165.92723083496094
48,716.0549926757812,215.47409057617188,755.8187866210938,215.44091796875
49,651.887939453125,222.17286682128906,688.1213989257812,222.28543090820312
50,870.927978515625,36.34938430786133,914.55859375,29.169811248779297
51,506.8088073730469,219.79798889160156,537.9786376953125,219.42459106445312
52,674.6339111328125,248.02841186523438,712.0947265625,249.663330078125
53,335.7455749511719,228.26507568359375,368.4471130371094,227.07919311523438
54,694.0359497070312,108.63492584228516,727.2808227539062,106.03404998779297
55,234.58091735839844,224.90383911132812,270.0863037109375,223.48342895507812
56,467.29608154296875,160.2333526611328,499.5793762207031,158.9839630126953
57,635.9409790039062,308.9334716796875,672.78125,313.9457092285156
58,224.31451416015625,181.92079162597656,261.26922607421875,180.97999572753906
59,500.8762512207031,115.91622924804688,532.3351440429688,114.65289306640625
60,587.829833984375,143.71380615234375,619.7886352539062,142.09249877929688
61,183.88323974609375,181.06492614746094,221.90447998046875,179.95162963867188
62,629.34130859375,235.6285400390625,664.1633911132812,236.21395874023438
63,750.9306640625,239.87570190429688,792.289306640625,241.2699737548828
64,346.424560546875,233.5298614501953,378.4526062011719,232.43240356445312
65,946.5890502929688,311.786865234375,1008.7996826171875,320.38385009765625
66,408.2768249511719,191.2079315185547,439.79534912109375,189.6079559326172
67,612.3283081054688,255.158203125,646.275390625,256.03729248046875
68,542.0858154296875,204.00225830078125,574.3267822265625,203.18373107910156
69,790.9022827148438,201.1244354248047,834.0068969726562,200.86740112304688
70,422.76513671875,110.00537109375,455.0953369140625,108.87216186523438
71,533.44580078125,183.89451599121094,565.0281372070312,182.9891815185547
72,226.18698120117188,196.20494079589844,263.1739196777344,195.05746459960938
73,481.22833251953125,219.55641174316406,512.1101684570312,219.00738525390625
74,417.2666320800781,139.15867614746094,449.8484191894531,137.85494995117188
75,288.9343566894531,212.28875732421875,322.76361083984375,211.0802459716797
76,331.4443664550781,227.9794464111328,364.040771484375,226.81626892089844
77,742.4508666992188,261.0168762207031,782.7019653320312,263.5243225097656
78,624.4622192382812,249.966552734375,658.61669921875,251.2761688232422
79,521.859375,204.365966796875,553.6376953125,203.5497589111328
80,431.2046203613281,142.0121612548828,463.6926574707031,140.9064178466797
81,437.6097412109375,137.80526733398438,470.0097961425781,136.80612182617188
82,609.910888671875,185.3032684326172,642.9525756835938,184.14932250976562
83,390.7601013183594,107.68060302734375,423.7649230957031,106.98693084716797
84,784.1417236328125,168.4146270751953,826.7710571289062,166.49777221679688
85,511.5928649902344,204.9405517578125,543.6371459960938,203.9431610107422
86,555.83056640625,285.73663330078125,588.525634765625,288.05474853515625
87,721.7442626953125,163.79270935058594,761.5884399414062,161.6788330078125
88,665.6087036132812,277.5893249511719,702.0614624023438,280.448974609375
89,255.35421752929688,86.12176513671875,291.8520202636719,86.27826690673828
90,812.603271484375,289.8387145996094,860.3641357421875,294.77215576171875
91,422.5792236328125,145.60853576660156,455.0846252441406,144.39134216308594
92,429.4478454589844,133.96701049804688,461.8545837402344,132.95758056640625
93,1149.7294921875,257.2112121582031,1226.7745361328125,261.2955627441406
94,536.0113525390625,261.6466979980469,567.997802734375,262.48260498046875
95,585.685791015625,193.71356201171875,618.4116821289062,192.64418029785156
96,455.32891845703125,234.56431579589844,486.4372863769531,234.01693725585938
97,571.1317138671875,190.39175415039062,603.7507934570312,189.3939208984375
98,762.0703125,285.9178161621094,805.1044921875,289.91168212890625
99,461.056396484375,228.62400817871094,492.0911865234375,228.14410400390625
100,544.7542114257812,247.23031616210938,577.6761474609375,247.353271484375
101,231.35455322265625,197.7665557861328,267.84130859375,196.27447509765625
102,720.529052734375,231.03355407714844,760.595947265625,231.9795684814453
103,726.8629760742188,97.51778411865234,761.1651611328125,94.20805358886719
104,688.8927001953125,221.5056915283203,727.0386962890625,221.9820098876953
105,1017.7665405273438,70.87626647949219,1074.2962646484375,63.1539421081543
106,475.8941650390625,212.25059509277344,507.0527038574219,211.50375366210938
107,576.8336791992188,279.7674560546875,609.9221801757812,281.7984313964844
108,457.1435852050781,248.83482360839844,487.7613830566406,248.25143432617188
109,791.8143310546875,61.96698760986328,826.5485229492188,58.36098861694336
110,721.489501953125,169.37022399902344,761.6986083984375,167.41542053222656
111,532.3944702148438,202.7310333251953,564.3203125,202.06898498535156
112,431.2046203613281,142.0121612548828,463.6926574707031,140.9064178466797
113,725.2146606445312,158.3799285888672,765.1289672851562,156.042236328125
114,661.86083984375,229.37261962890625,698.5342407226562,230.10610961914062
115,876.88525390625,346.7589111328125,936.3622436523438,359.1091003417969
116,504.2074279785156,281.90875244140625,535.9010009765625,283.953125
117,410.8636474609375,269.12579345703125,440.951416015625,269.5832214355469
118,459.6680603027344,226.07481384277344,490.53076171875,225.53652954101562
119,506.41326904296875,248.9495391845703,537.7279663085938,249.31781005859375
120,504.16412353515625,119.96742248535156,536.0146484375,118.3569564819336
121,20.985715866088867,204.8592987060547,63.70697021484375,203.3603973388672
122,510.016845703125,266.0809020996094,541.2048950195312,267.0150146484375
123,186.09536743164062,225.43316650390625,221.65850830078125,224.09088134765625
124,702.3025512695312,78.7415542602539,736.0281372070312,75.54004669189453
125,392.2799377441406,229.48399353027344,423.5173645019531,228.46022033691406
126,584.5594482421875,286.6159362792969,617.7719116210938,289.2507019042969
127,298.85791015625,191.61827087402344,332.43817138671875,190.37405395507812
128,668.7163696289062,200.71043395996094,705.7821044921875,200.25494384765625
129,607.761962890625,222.95274353027344,641.4609985351562,222.92440795898438
130,183.02125549316406,74.60260009765625,219.9291229248047,74.93458557128906
131,784.2608642578125,332.5301818847656,832.9879150390625,341.842041015625
132,718.4876098632812,94.76494598388672,752.9603881835938,92.0514144897461
133,508.1516418457031,239.6885528564453,539.7050170898438,239.80421447753906
134,553.4326782226562,200.5310821533203,585.77783203125,199.77108764648438
135,1080.3641357421875,237.31491088867188,1145.6943359375,239.51998901367188
136,150.91522216796875,217.8739471435547,187.51336669921875,216.52694702148438
137,326.1070556640625,190.4934539794922,358.8369140625,189.5074920654297
138,643.9651489257812,310.4792175292969,681.2056274414062,315.6773681640625
139,425.0374755859375,112.15632629394531,457.5165710449219,111.11408996582031
140,226.1074981689453,189.44395446777344,262.9571228027344,188.5070343017578
141,475.8941650390625,212.25059509277344,507.0527038574219,211.50375366210938
142,492.5008544921875,164.02737426757812,524.13671875,162.59024047851562
143,344.0938415527344,204.13140869140625,376.50384521484375,203.12843322753906
144,282.1693115234375,224.30227661132812,316.2590637207031,222.9229278564453
145,760.5844116210938,78.72307586669922,795.944580078125,75.22283172607422
146,233.39193725585938,78.06410217285156,271.14141845703125,78.6982421875
147,358.7861022949219,222.56483459472656,391.077392578125,221.66119384765625
148,501.3353576660156,292.99462890625,531.9462890625,295.6850891113281
149,787.4000854492188,339.1119384765625,836.6541748046875,348.994140625
150,143.06069946289062,159.03587341308594,185.07498168945312,158.50254821777344
151,401.2817687988281,223.3271942138672,432.4296569824219,222.52305603027344
152,455.1397399902344,165.1024932861328,486.7796325683594,163.70216369628906
153,573.1663818359375,272.7897644042969,606.8519897460938,274.3836364746094
154,500.7803649902344,225.1176300048828,532.1962280273438,224.8734588623047
155,545.5717163085938,234.9636993408203,577.84814453125,234.79811096191406
156,939.1951904296875,311.3951416015625,1000.9063110351562,319.8791198730469
157,405.5811462402344,114.26716613769531,438.4627990722656,113.361083984375
158,1016.4961547851562,26.088769912719727,1071.400146484375,15.857012748718262
159,467.8157958984375,175.9046630859375,499.1885681152344,174.56358337402344
160,1128.861328125,226.75198364257812,1199.985107421875,227.6189727783203
161,680.3818969726562,248.4612274169922,717.8636474609375,249.852783203125
162,525.7782592773438,195.98284912109375,557.8872680664062,195.09519958496094
163,629.5923461914062,298.3146667480469,665.5176391601562,302.4185485839844
164,343.90582275390625,183.1336212158203,376.4748229980469,182.12005615234375
165,795.2985229492188,63.282474517822266,830.12451171875,59.64821243286133
166,487.93670654296875,271.34588623046875,518.8697509765625,272.4378967285156
167,569.9357299804688,203.80149841308594,602.3696899414062,203.14492797851562
168,581.8485717773438,281.0777587890625,615.4752807617188,283.342041015625
169,380.6585998535156,113.1275634765625,414.2955627441406,112.40017700195312
170,532.0253295898438,281.38055419921875,563.9324340820312,283.4330139160156
171,395.91534423828125,199.98123168945312,427.74652099609375,198.75936889648438
172,473.6851806640625,253.05191040039062,504.73199462890625,252.8820343017578
173,975.4853515625,103.72551727294922,1029.397705078125,97.95877838134766
174,303.3641662597656,90.08631134033203,337.9638977050781,90.24466705322266
175,283.47491455078125,147.28640747070312,318.4266662597656,146.3953857421875
176,1075.4769287109375,153.69325256347656,1140.1566162109375,150.41648864746094
177,460.5279541015625,237.792236328125,492.5511779785156,237.76309204101562
178,516.1298828125,119.4293212890625,547.8497924804688,117.7680892944336
179,461.7622375488281,287.862548828125,493.04217529296875,290.0428161621094
180,1102.4033203125,184.7798309326172,1170.2374267578125,183.42323303222656
181,715.6887817382812,321.9682922363281,757.823974609375,329.0440979003906
182,1052.6473388671875,252.29226684570312,1117.1534423828125,255.37014770507812
183,828.7784423828125,338.72314453125,881.9973754882812,349.23736572265625
184,279.7862243652344,144.62403869628906,314.9395446777344,143.76844787597656
185,759.9180908203125,82.66481018066406,794.800537109375,78.8509521484375
186,363.3385314941406,106.57273864746094,396.96466064453125,106.00480651855469
187,470.9044494628906,119.43498229980469,502.43408203125,118.41852569580078
188,1021.0911865234375,100.87297058105469,1078.871337890625,94.63044738769531
189,1039.953857421875,322.0690002441406,1114.9700927734375,333.16558837890625
190,709.1028442382812,163.08900451660156,748.1648559570312,160.91737365722656
191,540.49169921875,267.0332946777344,572.6783447265625,268.10235595703125
192,502.62384033203125,146.91180419921875,534.4025268554688,145.3927001953125
193,684.2174072265625,281.0567321777344,721.614501953125,284.15045166015625
194,637.3031005859375,311.7738952636719,674.0787353515625,316.9759826660156
195,746.1744384765625,81.13133239746094,780.8056640625,77.51020050048828
196,828.3807373046875,123.06840515136719,870.6683959960938,119.07598876953125
197,689.4906616210938,264.9307556152344,726.9869384765625,266.91546630859375
198,331.4443664550781,227.9794464111328,364.040771484375,226.81626892089844
199,505.0425109863281,275.48565673828125,536.8282470703125,277.08258056640625
200,640.6622924804688,212.0639190673828,676.2232055664062,211.61277770996094
201,407.53033447265625,211.19761657714844,438.5771789550781,210.30140686035156
202,771.5824584960938,242.75955200195312,813.802734375,244.4798126220703
203,594.2698974609375,139.6757354736328,626.1607666015625,138.06153869628906
204,408.5884704589844,205.59201049804688,439.5643310546875,204.6202850341797
205,521.86767578125,190.03140258789062,553.5297241210938,188.85948181152344
206,559.3707275390625,174.826416015625,591.1873779296875,173.70391845703125
207,512.1543579101562,277.2063293457031,543.6385498046875,278.7639465332031
208,690.24951171875,284.27215576171875,729.5867919921875,287.6822509765625
209,642.8783569335938,224.732421875,679.1021118164062,225.23141479492188
210,429.13055419921875,138.2743377685547,461.6235656738281,137.14564514160156
211,303.3382263183594,222.17822265625,336.98614501953125,220.94644165039062
212,747.3060913085938,322.1991882324219,792.2374267578125,329.6920166015625
213,974.8697509765625,89.32685852050781,1027.781005859375,83.13655090332031
214,251.8143768310547,224.9001922607422,286.66412353515625,223.5121612548828
215,495.5832214355469,244.28550720214844,526.83447265625,244.33474731445312
216,704.2124633789062,319.9896545410156,745.53173828125,326.7607116699219
217,504.16412353515625,119.96742248535156,536.0146484375,118.3569564819336
218,390.63226318359375,100.02394104003906,423.5928039550781,98.81895446777344
219,1137.2947998046875,57.283267974853516,1203.786865234375,47.63459014892578
220,675.5435791015625,320.58056640625,715.2488403320312,327.2210998535156
221,168.22280883789062,76.26634979248047,205.5150604248047,76.34925079345703
222,505.89935302734375,196.97689819335938,536.5863037109375,196.46084594726562
223,453.976318359375,228.8052520751953,485.0002746582031,228.2214813232422
224,635.6409301757812,92.20489501953125,667.892333984375,89.92654418945312
225,730.3583374023438,83.30830383300781,764.527099609375,80.07489013671875
226,1106.3748779296875,240.30006408691406,1175.702392578125,242.9527587890625
227,382.5872802734375,263.8913269042969,412.5221862792969,263.843505859375
228,539.5337524414062,258.3888854980469,571.5255737304688,259.0743408203125
229,251.82211303710938,79.82395935058594,288.4071044921875,80.68898010253906
230,863.1043701171875,350.991943359375,921.522705078125,363.6534118652344
231,490.1672058105469,280.4595642089844,521.3373413085938,282.20794677734375
232,438.3421325683594,143.6690673828125,470.7653503417969,142.73858642578125
233,439.9282531738281,230.40419006347656,470.9589538574219,229.85838317871094
234,607.4873657226562,274.77471923828125,641.9793090820312,276.77227783203125
235,470.0367126464844,140.9552764892578,502.100341796875,139.7036590576172
236,771.406005859375,188.2517852783203,813.908935546875,187.29571533203125
237,391.94921875,213.75338745117188,423.7735900878906,212.5079345703125
238,1137.8206787109375,30.07131004333496,1205.707275390625,18.747283935546875
239,917.9772338867188,178.4921112060547,966.7760009765625,176.9300537109375
240,741.223388671875,229.20404052734375,781.7786865234375,230.2570037841797
241,743.0674438476562,189.8280792236328,784.0571899414062,188.94061279296875
242,1102.961181640625,244.03915405273438,1172.3450927734375,246.73696899414062
243,390.7601013183594,107.68060302734375,423.7649230957031,106.98693084716797
244,724.4994506835938,87.52604675292969,759.0023803710938,84.29117584228516
245,694.1962890625,91.73686218261719,727.6670532226562,88.79228973388672
246,718.8455200195312,325.0775451660156,761.3271484375,332.4257507324219
247,572.0618286132812,294.5173645019531,605.6919555664062,297.91387939453125
248,673.931640625,304.5124816894531,712.8065185546875,309.3072509765625
249,374.2844543457031,120.84220123291016,407.68377685546875,120.24022674560547
250,716.8694458007812,164.7853240966797,756.4376831054688,162.9375457763672
251,547.184326171875,268.42657470703125,579.4871826171875,269.6602783203125
252,1086.77294921875,237.65283203125,1152.9072265625,239.99224853515625
253,582.6907348632812,277.9782409667969,616.1539306640625,280.17620849609375
254,1038.990966796875,252.21556091308594,1102.3087158203125,255.40599060058594
255,521.2432861328125,276.49560546875,552.2810668945312,278.0841369628906
256,185.17562866210938,43.42527389526367,222.11740112304688,43.82768249511719
257,1069.6016845703125,320.24359130859375,1147.1719970703125,331.10552978515625
258,774.9596557617188,206.2613067626953,817.2612915039062,206.08157348632812
259,363.4772033691406,189.4004669189453,395.60528564453125,188.22877502441406
260,340.1092529296875,198.05540466308594,372.3912353515625,196.95579528808594
261,317.0303955078125,226.99684143066406,350.16461181640625,225.84190368652344
262,476.3462219238281,285.3939208984375,506.3962097167969,287.0373229980469
263,498.25628662109375,207.28579711914062,529.5326538085938,206.80027770996094
264,773.8222045898438,67.64823150634766,808.2500610351562,64.07926177978516
265,807.8052368164062,294.97149658203125,855.3488159179688,300.27520751953125
266,1016.5980834960938,39.36960220336914,1071.327392578125,30.077680587768555
267,589.1373291015625,174.3652801513672,621.4894409179688,172.90570068359375
268,735.0203857421875,320.3296813964844,779.0153198242188,327.5723876953125
269,487.1201171875,140.15269470214844,518.8048095703125,138.8878936767578
270,315.5074157714844,233.25112915039062,348.55908203125,232.07168579101562
271,870.1436157226562,248.60321044921875,923.2609252929688,251.6880340576172
272,361.8360900878906,151.40415954589844,395.3218994140625,150.46827697753906
273,521.305419921875,116.82007598876953,552.807373046875,115.24090576171875
274,1086.890625,239.16539001464844,1157.3271484375,241.5043182373047
275,756.45947265625,73.39788055419922,791.2828369140625,69.77108764648438
276,200.8418731689453,188.1621551513672,239.1172332763672,186.94479370117188
277,589.3135986328125,261.9601745605469,622.6754760742188,263.1306457519531
278,804.2156372070312,293.4537048339844,850.581787109375,298.65875244140625
279,410.3940734863281,119.67176055908203,443.06719970703125,118.70071411132812
280,1030.8115234375,162.52049255371094,1089.796630859375,159.7807159423828
281,864.9681396484375,99.56754302978516,908.1123657226562,94.92713165283203
282,651.3935546875,214.572509765625,687.497314453125,214.59848022460938
283,459.71673583984375,205.0061798095703,490.8051452636719,204.3038787841797
284,607.0423583984375,265.12677001953125,641.1458740234375,266.596435546875
285,646.2150268554688,313.23883056640625,683.370849609375,318.5224914550781
286,940.2454223632812,92.52713775634766,989.873046875,86.68497467041016
287,443.44610595703125,126.66168212890625,476.029541015625,125.65133666992188
288,328.58953857421875,187.12266540527344,361.5896911621094,185.99801635742188
289,309.24725341796875,226.9046173095703,342.4562072753906,225.52774047851562
290,743.37109375,326.1228332519531,788.0403442382812,333.9996032714844
291,453.0677795410156,219.6348419189453,483.9034423828125,218.97837829589844
292,1108.5926513671875,247.06971740722656,1179.084228515625,249.94984436035156
293,1088.7884521484375,192.64776611328125,1154.450927734375,191.98292541503906
294,637.3031005859375,311.7738952636719,674.0787353515625,316.9759826660156
295,508.99200439453125,290.6850891113281,540.3209228515625,293.14056396484375
296,768.400146484375,320.05010986328125,814.4757080078125,327.6630859375
297,426.8501892089844,195.89036560058594,459.0343933105469,195.01905822753906
298,362.52227783203125,112.5155029296875,396.1331481933594,111.76356506347656
299,280.11016845703125,168.4013671875,315.7169494628906,167.44400024414062
300,344.03759765625,185.96942138671875,376.3282775878906,184.7882080078125
301,51.91219711303711,164.55958557128906,99.14293670654297,163.90121459960938
302,795.2985229492188,63.282474517822266,830.12451171875,59.64821243286133
303,862.0820922851562,115.48966979980469,905.9589233398438,111.35916137695312
304,938.8885498046875,98.46910858154297,987.7056884765625,93.12092590332031
305,1010.7427978515625,134.406005859375,1066.822509765625,130.2056884765625
306,323.71929931640625,101.5594253540039,358.2055969238281,101.15729522705078
307,386.5517578125,268.3746337890625,416.4106750488281,268.64837646484375
308,798.3433837890625,292.3429870605469,845.0098876953125,297.50665283203125
309,650.4879150390625,92.74807739257812,682.9055786132812,90.33735656738281
310,414.5125427246094,114.93875122070312,447.12786865234375,113.9209976196289
311,1047.14990234375,338.1124267578125,1126.1243896484375,351.48248291015625
312,245.7827606201172,80.10015106201172,282.95050048828125,80.57445526123047
313,799.4671020507812,60.80766677856445,834.5980834960938,57.27415466308594
314,508.9636535644531,214.92457580566406,540.465576171875,214.39308166503906
315,401.85040283203125,143.32945251464844,434.9200134277344,142.35467529296875
316,909.830322265625,150.86415100097656,958.4063720703125,148.03338623046875
317,309.94482421875,226.54556274414062,343.1114196777344,225.18711853027344
318,693.8424682617188,323.44512939453125,734.7557983398438,330.1443786621094
319,485.4412536621094,232.8517608642578,516.8590698242188,232.59112548828125
320,1045.47265625,104.5043716430664,1105.88671875,98.3975601196289
321,593.1909790039062,265.7580871582031,626.841552734375,267.07354736328125
322,605.7344970703125,204.1421661376953,639.1290893554688,203.45816040039062
323,1040.8875732421875,148.8551788330078,1100.5631103515625,145.6753387451172
324,299.95758056640625,212.25790405273438,333.7159423828125,211.0361785888672
325,754.6519165039062,328.08056640625,800.165771484375,336.35894775390625
326,1080.94091796875,65.67425537109375,1143.926513671875,57.25271224975586
327,739.40234375,233.28013610839844,780.5541381835938,234.12457275390625
328,593.6572875976562,187.99501037597656,626.17919921875,186.74969482421875
329,281.6800842285156,154.38743591308594,317.1534423828125,153.34808349609375
330,367.2547912597656,141.34657287597656,400.20281982421875,140.47055053710938
331,489.2386474609375,168.78880310058594,520.905029296875,167.5055389404297
332,651.3935546875,214.572509765625,687.497314453125,214.59848022460938
333,386.5517578125,268.3746337890625,416.4106750488281,268.64837646484375
334,830.6040649414062,34.575252532958984,871.7338256835938,27.968364715576172
335,843.1234130859375,298.0311279296875,893.3491821289062,303.92303466796875
336,569.4043579101562,250.24459838867188,601.8981323242188,251.3453369140625
337,390.6232604980469,189.68572998046875,421.281982421875,188.34523010253906
338,832.6575317382812,130.27093505859375,874.97412109375,126.58470153808594
339,1109.01123046875,49.9803581237793,1173.797607421875,39.989322662353516
340,340.424072265625,258.7666931152344,371.4815368652344,258.60498046875
341,909.6915893554688,327.31988525390625,970.1560668945312,337.3845520019531
342,510.88623046875,115.74085235595703,542.237060546875,114.2496337890625
343,719.4486083984375,322.01666259765625,762.0438842773438,329.1742248535156
344,647.5764770507812,305.10479736328125,685.1744995117188,310.0792236328125
345,934.3579711914062,353.3343505859375,1001.9734497070312,367.8797912597656
346,573.9466552734375,138.1082000732422,605.726806640625,136.2445831298828
347,265.7792053222656,157.49305725097656,301.75177001953125,157.2716827392578
348,562.40869140625,265.2001647949219,595.0594482421875,266.37481689453125
349,215.98577880859375,86.9052734375,253.61129760742188,87.4998550415039
350,1109.001220703125,220.51339721679688,1177.2491455078125,221.452880859375
351,1137.567626953125,233.563720703125,1208.75146484375,235.9877166748047
352,1026.874267578125,240.06568908691406,1090.022216796875,242.25546264648438
353,282.1693115234375,224.30227661132812,316.2590637207031,222.9229278564453
354,666.2637939453125,213.98158264160156,703.3639526367188,214.01805114746094
355,281.6800842285156,154.38743591308594,317.1534423828125,153.34808349609375
356,347.4559326171875,195.89529418945312,379.6534118652344,194.76116943359375
357,1010.2461547851562,56.900325775146484,1066.153076171875,48.44617462158203
358,534.8386840820312,120.34152221679688,566.4327392578125,118.4051742553711
359,287.9552307128906,191.9526824951172,322.1481018066406,190.8171844482422
360,693.2548217773438,83.38359069824219,726.614013671875,80.36504364013672
361,583.9556884765625,173.67945861816406,616.0060424804688,172.44200134277344
362,743.869873046875,255.84469604492188,784.9246826171875,258.1074523925781
363,253.77886962890625,101.80831909179688,289.628173828125,101.49095153808594
364,351.6397399902344,189.2953338623047,383.9480285644531,188.1729736328125
365,258.9504699707031,238.06326293945312,292.6728210449219,236.91526794433594
366,612.140869140625,274.14013671875,646.3172607421875,276.0536193847656
367,288.4053955078125,169.77879333496094,323.81390380859375,168.8743896484375
368,677.45654296875,262.944091796875,714.5079345703125,265.06268310546875
369,481.3363342285156,140.49041748046875,513.0851440429688,139.09425354003906
370,650.6180419921875,86.26565551757812,683.0401611328125,83.64273834228516
371,289.6064147949219,246.8852996826172,321.6617736816406,246.16749572753906
372,542.328369140625,261.9787292480469,574.4231567382812,262.9176025390625
373,176.12051391601562,53.330482482910156,213.5940704345703,53.91348648071289
374,117.9428482055664,63.109642028808594,157.28753662109375,63.7453498840332
375,503.6330871582031,174.0309600830078,534.9797973632812,172.85333251953125
376,192.9649658203125,62.942142486572266,229.82254028320312,63.17436599731445
377,197.3787078857422,52.385440826416016,234.03756713867188,52.80490493774414
378,309.05084228515625,233.8447723388672,341.833251953125,232.67294311523438
379,15.65594482421875,233.68341064453125,58.053138732910156,231.89974975585938
380,969.2714233398438,63.49208450317383,1020.69921875,56.080322265625
381,280.0978698730469,140.8905792236328,314.9472351074219,140.1566925048828
382,307.3904724121094,218.90098571777344,341.0836181640625,217.45626831054688
383,558.7978515625,204.26324462890625,591.1309204101562,203.53770446777344
384,536.6072998046875,229.46737670898438,568.48974609375,229.59829711914062
385,798.4408569335938,198.8270721435547,841.8300170898438,198.2119903564453
386,679.5099487304688,116.80866241455078,713.0027465820312,114.43190002441406
387,381.93798828125,267.8065185546875,412.1130065917969,268.1385803222656
388,799.3948974609375,128.7274627685547,839.54296875,126.12217712402344
389,439.9282531738281,230.40419006347656,470.9589538574219,229.85838317871094
390,376.0310363769531,267.0589599609375,405.84814453125,267.1767883300781
391,1087.483642578125,168.65782165527344,1153.5855712890625,166.0452117919922
392,833.1697998046875,236.9463653564453,881.7620239257812,239.71127319335938
393,653.1493530273438,314.10003662109375,690.9993896484375,319.62396240234375
394,724.5341186523438,225.42527770996094,764.662109375,226.1715850830078
395,385.7003173828125,200.90213012695312,417.9324035644531,199.63160705566406
396,191.28355407714844,224.77078247070312,226.61038208007812,223.38787841796875
397,478.79412841796875,197.33116149902344,510.1763610839844,196.33114624023438
398,760.5844116210938,78.72307586669922,795.944580078125,75.22283172607422
399,724.096435546875,216.82122802734375,764.1997680664062,217.22463989257812
400,1113.0772705078125,291.48126220703125,1191.7276611328125,298.8808288574219
401,337.5284423828125,204.79171752929688,369.7914733886719,203.36717224121094
402,589.8248901367188,306.0327453613281,624.6504516601562,310.2439270019531
403,673.1382446289062,269.1929626464844,710.005615234375,271.5265808105469
404,275.360595703125,178.5412139892578,310.41522216796875,177.2675018310547
405,432.3958435058594,257.921875,463.0227966308594,258.0223693847656
406,739.322509765625,328.26824951171875,783.9692993164062,336.50390625
407,548.6715087890625,205.36705017089844,580.7300415039062,204.6017303466797
408,426.5768737792969,232.3686981201172,457.5988464355469,231.59619140625
409,620.4789428710938,199.34861755371094,653.5613403320312,198.42147827148438
410,971.3961181640625,155.05955505371094,1025.3958740234375,152.0615234375
411,613.068359375,282.9836730957031,647.8802490234375,285.6422119140625
412,737.2393798828125,324.7872619628906,781.20654296875,332.45538330078125
413,155.8269500732422,65.29163360595703,194.14065551757812,65.96666717529297
414,1122.612548828125,236.3898468017578,1192.9217529296875,238.5996551513672
415,762.3905029296875,320.5770263671875,808.0015258789062,328.1161193847656
416,1069.056396484375,336.83203125,1150.3062744140625,350.1637268066406
417,344.3753356933594,259.46356201171875,375.09197998046875,259.00128173828125
418,783.9829711914062,285.8788146972656,830.6082153320312,289.61065673828125
419,569.1582641601562,136.90554809570312,600.9801025390625,135.16111755371094
420,662.646728515625,220.02317810058594,699.1782836914062,219.89886474609375
421,294.8525390625,204.79147338867188,328.5645751953125,203.5156707763672
422,650.6180419921875,86.26565551757812,683.0401611328125,83.64273834228516
423,503.6330871582031,174.0309600830078,534.9797973632812,172.85333251953125
424,793.6130981445312,329.45599365234375,842.9813842773438,338.5950622558594
425,752.6966552734375,308.0274353027344,797.0563354492188,313.88275146484375
426,138.84518432617188,223.20994567871094,176.47055053710938,223.11512756347656
427,854.33203125,248.08505249023438,906.0209350585938,251.15267944335938
428,600.4518432617188,302.94549560546875,635.2562255859375,307.1012268066406
429,676.1824340820312,209.3019256591797,713.4832153320312,209.10256958007812
430,253.69796752929688,238.3812255859375,287.41632080078125,237.13864135742188
431,200.8418731689453,188.1621551513672,239.1172332763672,186.94479370117188
432,310.9891357421875,210.8394317626953,344.2897033691406,209.74656677246094
433,478.79412841796875,197.33116149902344,510.1763610839844,196.33114624023438
434,471.06982421875,227.36598205566406,501.9683532714844,226.96551513671875
435,915.6870727539062,152.82943725585938,964.3834228515625,150.0401611328125
436,1075.783447265625,111.8909912109375,1140.1126708984375,105.97384643554688
437,303.6003723144531,204.24359130859375,337.1595458984375,202.94796752929688
438,381.93798828125,267.8065185546875,412.1130065917969,268.1385803222656
439,1038.322021484375,139.34507751464844,1097.5218505859375,135.04148864746094
440,685.0281372070312,311.3630065917969,724.9860229492188,317.1880798339844
441,1098.7056884765625,39.27309036254883,1161.797607421875,29.49541473388672
442,547.184326171875,268.42657470703125,579.4871826171875,269.6602783203125
443,968.278564453125,153.54371643066406,1021.9930419921875,150.41661071777344
444,791.8143310546875,61.96698760986328,826.5485229492188,58.36098861694336
445,969.1832885742188,159.86415100097656,1023.1154174804688,157.1705780029297
446,193.1864013671875,239.0693359375,228.07492065429688,237.69418334960938
447,819.7442016601562,216.8300323486328,867.59765625,217.87673950195312
448,370.6794738769531,258.03179931640625,401.3605651855469,257.9414367675781
449,466.5267639160156,278.0536804199219,496.9688415527344,279.4599609375
450,754.6309814453125,125.07347869873047,792.4485473632812,121.41596221923828
451,547.0057983398438,276.5120849609375,579.16357421875,278.4380187988281
452,575.2782592773438,269.6718444824219,608.9768676757812,271.2067565917969
453,835.1142578125,340.5061340332031,889.3762817382812,351.3926696777344
454,370.3207702636719,194.14739990234375,402.5481872558594,192.90965270996094
455,783.6365356445312,294.1327819824219,828.9732055664062,299.0543212890625
456,323.3191833496094,107.36009979248047,357.761474609375,107.00051879882812
457,756.3656005859375,168.29356384277344,798.1285400390625,166.33705139160156
458,281.0428771972656,133.08261108398438,315.8096923828125,132.46908569335938
459,567.1652221679688,223.34918212890625,599.9385375976562,223.35838317871094
460,912.2854614257812,178.40899658203125,960.9335327148438,177.0247039794922
461,280.6737365722656,210.79635620117188,314.79864501953125,209.04275512695312
462,713.47802734375,235.31373596191406,753.0458984375,236.4413299560547
463,269.29168701171875,221.2399444580078,303.6658020019531,219.83282470703125
464,956.0089721679688,316.95977783203125,1019.4286499023438,326.0281066894531
465,555.3849487304688,142.5413055419922,586.8356323242188,140.99305725097656
466,632.762451171875,113.3399429321289,664.833740234375,111.28937530517578
467,19.36646842956543,186.5189208984375,62.9653434753418,185.48370361328125
468,641.1207885742188,89.91524505615234,673.424560546875,87.57527160644531
469,363.3385314941406,106.57273864746094,396.96466064453125,106.00480651855469
470,725.1921997070312,234.76466369628906,765.328857421875,236.2840118408203
471,533.4589233398438,242.1595458984375,565.4732055664062,242.7751922607422
472,765.5059204101562,290.1241760253906,809.2470703125,294.2012634277344
473,518.6613159179688,123.98301696777344,549.7800903320312,121.66584777832031
474,278.3963928222656,137.2245330810547,313.2356872558594,136.43824768066406
475,1036.354248046875,155.401123046875,1095.8865966796875,152.4898681640625
476,635.6409301757812,92.20489501953125,667.892333984375,89.92654418945312
477,63.30891799926758,282.0216979980469,97.62238311767578,281.47833251953125
478,545.5717163085938,234.9636993408203,577.84814453125,234.79811096191406
479,275.74713134765625,158.02105712890625,311.0800476074219,157.0989990234375
480,401.20709228515625,219.43846130371094,432.3853454589844,218.59561157226562
481,259.3346252441406,224.56007385253906,294.5705871582031,223.1642303466797
482,306.2511291503906,106.29544067382812,341.4201354980469,105.94702911376953
483,547.6514892578125,148.13714599609375,579.336669921875,146.59596252441406
484,676.1824340820312,209.3019256591797,713.4832153320312,209.10256958007812
485,160.94825744628906,230.1157684326172,197.3303985595703,228.6958770751953
486,529.8736572265625,236.30055236816406,561.6392822265625,236.85833740234375
487,758.716796875,286.950927734375,802.1505737304688,290.9098205566406
488,558.5477905273438,198.057861328125,590.9072875976562,197.2001190185547
489,1035.772705078125,123.6502456665039,1095.2581787109375,118.83231353759766
490,742.4116821289062,321.7911071777344,786.6680297851562,329.3236083984375
491,680.1099853515625,292.92510986328125,718.5613403320312,296.9836730957031
492,617.2156982421875,132.74642944335938,650.1923828125,130.61370849609375
493,801.8291015625,335.56036376953125,852.0123901367188,345.17962646484375
494,795.0227661132812,333.7002868652344,844.3956298828125,343.3340148925781
495,990.5224609375,55.800960540771484,1043.4583740234375,48.00834655761719
496,19.36646842956543,186.5189208984375,62.9653434753418,185.48370361328125
497,990.5384521484375,152.4674072265625,1046.3760986328125,149.4381866455078
498,299.36773681640625,235.8842315673828,332.22076416015625,234.6939239501953
499,970.5548095703125,111.30461883544922,1024.2869873046875,106.32782745361328
500,1048.635009765625,349.018310546875,1129.155029296875,363.84765625
501,426.666748046875,122.15444946289062,459.00640869140625,121.28376007080078
502,1094.4656982421875,124.26476287841797,1161.2364501953125,119.19449615478516
503,595.6329956054688,196.1433868408203,628.1934204101562,194.9224395751953
504,744.89892578125,224.66810607910156,786.2607421875,225.33139038085938
505,819.4457397460938,190.33152770996094,863.7904663085938,189.477783203125
506,354.52178955078125,197.2339324951172,386.51190185546875,196.70005798339844
507,645.7584228515625,137.5975341796875,678.7288818359375,135.50717163085938
508,667.1736450195312,251.17941284179688,703.7843627929688,252.8000030517578
509,509.7126159667969,262.6305236816406,541.3233642578125,263.43682861328125
510,1099.123046875,92.27468872070312,1165.748291015625,84.83582305908203
511,819.7442016601562,216.8300323486328,867.59765625,217.87673950195312
512,855.1691284179688,106.39278411865234,899.0702514648438,102.10615539550781
513,424.6968994140625,135.32598876953125,457.1607971191406,134.40884399414062
514,49.05735778808594,167.25640869140625,96.30341339111328,166.6153106689453
515,199.0997772216797,61.79697799682617,235.6273956298828,61.884708404541016
516,765.7034301757812,324.5762023925781,811.462646484375,332.65484619140625
517,632.6821899414062,109.55596923828125,664.8101196289062,107.41253662109375
518,1091.0140380859375,220.91268920898438,1158.57080078125,222.58445739746094
519,564.216064453125,275.3740234375,596.7769165039062,277.42791748046875
520,634.842041015625,303.89202880859375,671.273681640625,308.3868408203125
521,131.94090270996094,227.04452514648438,169.52963256835938,225.57769775390625
522,715.3383178710938,326.9166259765625,757.6631469726562,334.1971435546875
523,753.3078002929688,189.16860961914062,794.7232055664062,188.2918243408203
524,975.745849609375,62.658164978027344,1027.6273193359375,55.177978515625
525,925.6553955078125,45.74507522583008,972.694580078125,38.344871520996094
526,752.6898193359375,157.5733642578125,793.8299560546875,155.13365173339844
527,898.1297607421875,311.95013427734375,955.0009155273438,320.0954895019531
528,646.387451171875,238.40777587890625,682.3784790039062,238.89842224121094
529,284.553466796875,118.76727294921875,320.2442626953125,118.27399444580078
530,980.98291015625,58.14532470703125,1033.518310546875,50.544342041015625
531,990.5224609375,55.800960540771484,1043.4583740234375,48.00834655761719
532,977.8689575195312,318.12847900390625,1044.4027099609375,327.8511047363281
533,461.6184997558594,223.0689697265625,492.75726318359375,222.56866455078125
534,1109.5194091796875,255.75474548339844,1181.5816650390625,259.5738830566406
535,253.77886962890625,101.80831909179688,289.628173828125,101.49095153808594
536,710.8976440429688,152.3733367919922,748.9799194335938,149.9575653076172
537,498.50909423828125,197.01734924316406,529.9619750976562,195.90771484375
538,1038.1859130859375,242.8229522705078,1102.0369873046875,245.14801025390625
539,998.10888671875,318.1286315917969,1066.939453125,327.670654296875
540,636.6919555664062,107.57673645019531,669.1090698242188,105.51607513427734
541,509.9665222167969,153.48838806152344,542.1546020507812,151.98577880859375
542,411.9615783691406,151.5514373779297,444.7669982910156,150.37327575683594
543,652.6160278320312,135.49903869628906,685.1715087890625,133.6901092529297
544,426.6979675292969,157.88470458984375,459.0918884277344,156.7051544189453
545,523.1385498046875,125.52861022949219,554.4017333984375,124.05020141601562
546,272.7678527832031,124.82418823242188,308.021484375,124.14628601074219
547,235.92953491210938,193.34890747070312,272.46160888671875,192.17112731933594
548,547.0270385742188,285.1661376953125,579.5145263671875,287.4174499511719
549,720.6347045898438,222.4171600341797,760.388916015625,222.6533203125
550,633.1437377929688,94.05669403076172,664.9638671875,91.91607666015625
551,542.3424072265625,271.400634765625,574.9996948242188,273.0042724609375
552,662.502197265625,177.9568634033203,698.203125,176.60299682617188
553,747.59423828125,96.43321990966797,782.745849609375,93.48025512695312
554,695.324462890625,214.12896728515625,733.8779296875,214.17996215820312
555,388.5278625488281,265.3971862792969,418.509033203125,265.4223327636719
556,698.7324829101562,132.24441528320312,734.648193359375,129.42977905273438
557,391.63739013671875,132.34832763671875,424.5735778808594,131.55516052246094
558,1087.24853515625,101.48681640625,1153.1060791015625,94.69940185546875
559,37.023460388183594,7.647907733917236,79.9521484375,10.117608070373535
560,1106.3466796875,190.1310577392578,1174.6549072265625,189.2109375
561,271.1400146484375,151.35240173339844,306.35003662109375,150.58984375
562,1074.3896484375,176.20660400390625,1139.086669921875,174.51881408691406
563,615.6566162109375,199.4127960205078,648.8600463867188,198.5385284423828
564,1120.447509765625,68.10408782958984,1188.3638916015625,58.815128326416016
565,793.6716918945312,293.2035827636719,839.3764038085938,298.0412292480469
566,675.8076782226562,166.30079650878906,713.9060668945312,164.46800231933594
567,505.479248046875,134.6560516357422,536.9667358398438,133.5489501953125
568,1016.546630859375,46.62078857421875,1071.5206298828125,38.14013671875
569,56.7006950378418,239.43978881835938,98.70530700683594,237.4258575439453
570,886.2279052734375,310.38470458984375,941.1751098632812,318.4466857910156
571,363.341064453125,256.8616638183594,394.2528991699219,256.36572265625
572,564.5784301757812,282.9827880859375,597.3336181640625,285.2912292480469
573,425.8998718261719,115.86011505126953,458.1970520019531,114.88179016113281
574,367.2723083496094,130.04690551757812,401.0046691894531,129.2669219970703
575,1123.548828125,318.8717956542969,1208.8992919921875,330.1446228027344
576,634.484375,219.40853881835938,668.5473022460938,219.09591674804688
577,390.50970458984375,243.45672607421875,421.4438171386719,242.78781127929688
578,415.8541564941406,195.50624084472656,447.2816467285156,194.1968536376953
579,742.0928955078125,154.89730834960938,782.8292236328125,152.3641357421875
580,564.07080078125,193.25662231445312,596.2924194335938,192.30410766601562
581,707.1683349609375,260.9501647949219,745.4814453125,262.8981018066406
582,646.387451171875,238.40777587890625,682.3784790039062,238.89842224121094
583,517.2430419921875,172.78701782226562,548.558837890625,171.34844970703125
584,1132.840576171875,254.94313049316406,1207.3543701171875,258.6647644042969
585,383.3868408203125,109.89327239990234,416.3053283691406,109.33124542236328
586,632.762451171875,113.3399429321289,664.833740234375,111.28937530517578
587,505.9979248046875,263.0064392089844,537.9915161132812,263.371337890625
588,258.9380187988281,221.47988891601562,294.41552734375,220.01498413085938
589,495.5619201660156,131.61293029785156,527.1210327148438,130.43089294433594
590,625.4293212890625,215.72357177734375,658.9419555664062,215.69158935546875
591,215.9219512939453,99.68728637695312,251.45693969726562,100.23392486572266
592,713.4075927734375,230.4556884765625,753.1123657226562,231.27444458007812
593,482.3885192871094,177.43360900878906,513.8497314453125,176.3192596435547
594,1059.540771484375,42.26747131347656,1118.440673828125,32.65598678588867
595,577.7667236328125,191.67330932617188,610.2219848632812,190.55780029296875
596,20.516342163085938,221.60169982910156,63.043338775634766,220.09080505371094
597,603.9295654296875,141.0347900390625,635.7638549804688,139.2687530517578
598,544.1405639648438,267.92071533203125,576.2648315429688,269.2886047363281
599,143.6644744873047,171.55625915527344,183.76637268066406,171.15235900878906
600,226.18698120117188,196.20494079589844,263.1739196777344,195.05746459960938
601,792.920166015625,306.6266174316406,839.9684448242188,313.18658447265625
602,696.468017578125,248.37254333496094,735.4415283203125,250.36587524414062
603,932.8684692382812,64.18307495117188,974.9050903320312,58.19513702392578
604,772.9757080078125,290.271484375,816.8950805664062,294.3676452636719
605,1011.1748657226562,176.9258270263672,1068.9415283203125,175.05921936035156
606,1082.686767578125,158.72474670410156,1148.2843017578125,155.64682006835938
607,645.376220703125,85.86396026611328,677.7360229492188,83.42374420166016
608,735.85302734375,84.7433853149414,770.8110961914062,81.19049072265625
609,250.0699005126953,99.70128631591797,286.0052795410156,99.46498107910156
610,200.72288513183594,181.1401824951172,238.27056884765625,180.12924194335938
611,557.0205688476562,261.2822570800781,589.704345703125,262.16021728515625
612,429.8331298828125,236.21168518066406,460.89117431640625,235.55821228027344
613,695.635498046875,190.44210815429688,734.1836547851562,189.57778930664062
614,205.1427001953125,226.48880004882812,239.75775146484375,224.85520935058594
615,438.1385192871094,265.7242736816406,468.5788269042969,266.1710205078125
616,180.44129943847656,32.61044692993164,217.3029022216797,33.12879943847656
617,141.1217498779297,225.9052276611328,178.16946411132812,224.3936767578125
618,35.87069320678711,12.79936695098877,78.88105010986328,14.996689796447754
619,282.25543212890625,220.11370849609375,316.39593505859375,218.7909393310547
620,226.24127197265625,83.88787841796875,263.6389465332031,83.9889144897461
621,477.75128173828125,179.11605834960938,509.38311767578125,177.86801147460938
622,680.4249267578125,99.16694641113281,713.3681030273438,96.08869171142578
623,1012.41162109375,181.39212036132812,1070.5859375,179.84304809570312
624,934.2267456054688,92.62821197509766,983.1707763671875,87.25981903076172
625,990.5224609375,55.800960540771484,1043.4583740234375,48.00834655761719
626,94.56536865234375,238.50120544433594,134.26214599609375,236.63418579101562
627,721.7442626953125,163.79270935058594,761.5884399414062,161.6788330078125
628,493.0149841308594,248.16439819335938,524.64453125,248.22015380859375
629,206.04669189453125,348.707763671875,228.58558654785156,353.1706848144531
630,476.2073669433594,225.4034423828125,507.3108215332031,225.09829711914062
631,1083.580810546875,137.51663208007812,1148.3248291015625,132.97186279296875
632,656.960693359375,174.23545837402344,693.4096069335938,172.53311157226562
633,727.6891479492188,319.12811279296875,771.0521850585938,326.162353515625
634,110.8732681274414,64.19389343261719,150.27220153808594,64.94065856933594
635,808.1538696289062,13.631125450134277,847.7413940429688,6.559799671173096
636,789.301513671875,64.65065002441406,824.2741088867188,61.492340087890625
637,782.4342651367188,290.8941650390625,826.9451293945312,295.6526794433594
638,757.895263671875,225.3465118408203,799.3587036132812,226.30572509765625
639,732.9283447265625,229.6265869140625,773.2947387695312,230.36544799804688
640,718.5452880859375,158.7761688232422,758.1895141601562,156.4033203125
641,617.5504760742188,267.7035217285156,651.7383422851562,269.2513122558594
642,1069.8946533203125,172.1744384765625,1133.7412109375,169.93736267089844
643,195.78822326660156,48.18357849121094,232.021484375,48.4937629699707
644,698.3019409179688,304.2001037597656,738.7305297851562,309.63494873046875
645,465.9396667480469,236.92581176757812,497.1257019042969,236.4033966064453
646,115.34934997558594,59.60292434692383,154.62188720703125,60.32362365722656
647,169.91781616210938,51.87080001831055,207.84732055664062,52.60844039916992
648,582.345703125,271.6802673339844,616.0296630859375,273.3504333496094
649,1038.696044921875,326.7103576660156,1114.4129638671875,338.0867919921875
650,389.21246337890625,194.67042541503906,421.37652587890625,193.5071258544922
651,494.1242370605469,226.3815460205078,525.4122314453125,226.32290649414062
652,1120.69140625,320.96380615234375,1206.18505859375,332.6208801269531
653,506.8207702636719,288.0192565917969,538.4719848632812,290.4432678222656
654,649.6270141601562,300.77874755859375,687.1096801757812,305.486572265625
655,126.96314239501953,308.9752197265625,155.5713348388672,309.88934326171875
656,20.516342163085938,221.60169982910156,63.043338775634766,220.09080505371094
657,356.3435974121094,125.74288177490234,390.3340148925781,124.96025848388672
658,821.9405517578125,293.23388671875,870.0133056640625,298.5824279785156
659,850.5081176757812,173.29034423828125,894.1959838867188,171.72560119628906
660,650.8790283203125,124.08036804199219,683.4166870117188,121.8243179321289
661,480.3274230957031,239.06253051757812,511.78094482421875,238.65928649902344
662,1125.11328125,238.5638427734375,1195.4927978515625,241.0881805419922
663,637.8922729492188,299.9242248535156,674.4440307617188,304.1184387207031
664,472.9132080078125,201.45355224609375,504.09930419921875,200.409912109375
665,1105.6549072265625,287.5164489746094,1181.91845703125,295.350830078125
666,508.0506286621094,138.0978546142578,539.876953125,136.45477294921875
667,412.91448974609375,211.39320373535156,444.64715576171875,210.50514221191406
668,1027.5718994140625,170.1625213623047,1086.544189453125,168.0049591064453
669,750.1439819335938,293.96978759765625,792.9505615234375,298.3258361816406
670,248.42129516601562,206.53382873535156,284.3842468261719,205.01673889160156
671,576.860595703125,140.35836791992188,608.9444580078125,138.43487548828125
672,797.9607543945312,63.476497650146484,833.1436767578125,59.93396759033203
673,449.7345275878906,256.7675476074219,480.3226318359375,257.0426025390625
674,519.826416015625,194.26759338378906,552.1325073242188,193.1428680419922
675,1058.27685546875,143.090087890625,1119.432861328125,139.98716735839844
676,272.7678527832031,124.82418823242188,308.021484375,124.14628601074219
677,766.2987060546875,213.39584350585938,808.4088134765625,213.48777770996094
678,960.7545776367188,167.0513916015625,1013.9178466796875,164.75204467773438
679,244.81871032714844,185.50634765625,281.2500305175781,184.6770782470703
680,999.5383911132812,103.58159637451172,1054.63818359375,97.6611328125
681,361.6504211425781,273.1243896484375,391.6527099609375,273.5121154785156
682,646.4989013671875,204.9344024658203,682.3776245117188,204.4121856689453
683,814.9114379882812,238.1436309814453,862.953857421875,240.27980041503906
684,61.59501266479492,286.3248596191406,95.16371154785156,285.5397033691406
685,233.75462341308594,127.35035705566406,270.1393127441406,126.64965057373047
686,184.90618896484375,129.6373748779297,222.52735900878906,129.31405639648438
687,750.075439453125,162.35877990722656,791.1181640625,160.1583709716797
688,1076.0474853515625,131.50265502929688,1140.5552978515625,126.92239379882812
689,125.91468811035156,311.4654235839844,154.5059051513672,312.48114013671875
690,1075.6510009765625,163.58302307128906,1140.2044677734375,160.78884887695312
691,150.86471557617188,140.1666717529297,188.6656036376953,139.59671020507812
692,1022.2657470703125,321.6636047363281,1095.498046875,332.4576721191406
693,430.8271179199219,171.47409057617188,463.24237060546875,169.97637939453125
694,639.919189453125,177.92837524414062,673.7672119140625,176.264892578125
695,343.6175231933594,192.61129760742188,375.9728088378906,191.5142822265625
696,360.1154479980469,109.4373779296875,394.13885498046875,108.9825668334961
697,1044.792724609375,108.48388671875,1105.305419921875,102.47140502929688
698,526.4165649414062,264.4004821777344,558.1301879882812,265.2472229003906
699,463.12493896484375,135.6851806640625,494.9381103515625,134.41302490234375
700,445.5491027832031,203.0328369140625,476.4062805175781,202.12184143066406
701,177.86375427246094,75.41301727294922,215.02090454101562,75.5636215209961
702,864.9943237304688,312.6876525878906,918.9129638671875,320.1134948730469
703,124.07270050048828,290.55035400390625,155.0189208984375,290.2621154785156
704,642.8978271484375,82.81885528564453,675.0821533203125,80.22688293457031
705,631.4508056640625,95.79270935058594,663.7598876953125,93.47510528564453
706,1065.0133056640625,326.07470703125,1143.2550048828125,337.7796630859375
707,124.07270050048828,290.55035400390625,155.0189208984375,290.2621154785156
708,810.2323608398438,118.52501678466797,851.2648315429688,115.29063415527344
709,821.8870239257812,109.10437774658203,863.7896728515625,105.01321411132812
710,704.2506713867188,170.47447204589844,743.1395874023438,168.5241241455078
711,241.1639404296875,124.8843002319336,276.8468017578125,124.23211669921875
712,559.5384521484375,183.30943298339844,590.6246337890625,181.6925048828125
713,382.7188415527344,147.6363983154297,415.7826843261719,146.39688110351562
714,983.556640625,118.2157974243164,1038.218017578125,112.91812133789062
715,952.2476806640625,322.37921142578125,1016.5491943359375,332.373291015625
716,852.1154174804688,308.0093688964844,902.3661499023438,314.0793762207031
717,360.562255859375,196.20364379882812,392.8245544433594,195.58909606933594
718,700.3767700195312,102.10104370117188,734.1397094726562,99.49077606201172
719,938.7664184570312,243.66156005859375,998.235595703125,246.1351318359375
720,610.996826171875,119.08963012695312,642.3729858398438,117.5851821899414
721,582.4764404296875,202.00437927246094,615.2869262695312,201.0716094970703
722,1095.149169921875,185.6056671142578,1162.3045654296875,184.139404296875
723,472.9132080078125,201.45355224609375,504.09930419921875,200.409912109375
724,87.00272369384766,237.83352661132812,127.23967742919922,236.00054931640625
725,965.1072387695312,325.9316101074219,1031.112060546875,336.3792419433594
726,553.0538940429688,269.39373779296875,585.4074096679688,270.7673645019531
727,219.72645568847656,80.8277816772461,257.09320068359375,81.17124938964844
728,1146.0294189453125,86.70785522460938,1218.379150390625,78.91958618164062
729,980.6825561523438,159.9825439453125,1035.765625,157.44964599609375
730,817.9718017578125,258.5278015136719,866.0822143554688,261.8724670410156
731,821.2261962890625,119.25506591796875,863.3165283203125,115.34906005859375
732,296.1670837402344,150.56121826171875,330.9812927246094,149.9176788330078
733,849.3801879882812,304.0643310546875,900.8389892578125,310.7258605957031
734,654.4307250976562,305.900390625,692.3248291015625,310.9327697753906
735,84.06195068359375,230.84808349609375,125.55557250976562,228.8427734375
736,89.42362213134766,63.59832000732422,129.68978881835938,64.51514434814453
737,917.1060791015625,111.0809555053711,966.04443359375,106.32029724121094
738,411.3446960449219,176.19412231445312,443.3207702636719,175.0146026611328
739,1103.3536376953125,193.27723693847656,1171.2489013671875,192.38302612304688
740,86.634765625,28.8264102935791,126.2098159790039,29.584369659423828
741,840.9385375976562,107.84701538085938,884.4937744140625,103.3044662475586
742,115.34934997558594,59.60292434692383,154.62188720703125,60.32362365722656
743,544.5540771484375,281.9615173339844,576.9605712890625,284.20404052734375
744,266.3301696777344,184.9110870361328,302.26080322265625,183.96658325195312
745,852.316650390625,244.51907348632812,903.6102294921875,247.22474670410156
746,415.8059997558594,250.1414031982422,446.3277893066406,249.88540649414062
747,517.2430419921875,172.78701782226562,548.558837890625,171.34844970703125
748,815.10546875,316.0447998046875,865.12841796875,323.7182312011719
749,646.1157836914062,162.51943969726562,679.6146240234375,160.90077209472656
750,870.0776977539062,245.9168243408203,923.404052734375,248.6175537109375
751,985.9842529296875,56.577396392822266,1038.7772216796875,48.87543869018555
752,805.8554077148438,320.54718017578125,855.1795654296875,328.5660400390625
753,1129.2275390625,209.93850708007812,1200.26611328125,210.13601684570312
754,465.0924377441406,274.3948974609375,495.531494140625,275.632080078125
755,1002.1387939453125,347.1597595214844,1076.1932373046875,361.0340270996094
756,911.97607421875,135.24713134765625,960.251708984375,131.39920043945312
757,1078.811279296875,190.50405883789062,1143.7940673828125,189.15469360351562
758,620.1481323242188,281.59100341796875,655.5936279296875,284.2950439453125
759,881.2593383789062,339.0665588378906,939.0684814453125,349.8821716308594
760,211.3260498046875,161.8405303955078,248.70204162597656,161.1361846923828
761,907.412353515625,244.08775329589844,964.95947265625,247.2223358154297
762,787.7973022460938,291.0521240234375,832.9794921875,295.91571044921875
763,1058.3123779296875,338.3114929199219,1137.774169921875,351.8755187988281
764,651.4478759765625,129.75514221191406,684.2120971679688,127.82520294189453
765,347.8109130859375,253.1329345703125,378.14605712890625,252.88394165039062
766,401.20709228515625,219.43846130371094,432.3853454589844,218.59561157226562
767,1072.82666015625,152.89381408691406,1137.28271484375,149.215087890625
768,1105.2879638671875,255.8492431640625,1177.028564453125,259.56488037109375
769,767.710205078125,94.64088439941406,802.317626953125,91.57617950439453
770,583.992919921875,184.2292022705078,616.164794921875,183.07916259765625
771,65.81002807617188,277.1629943847656,101.14633178710938,275.8035888671875
772,1052.1463623046875,104.10382843017578,1113.1060791015625,97.8839340209961
773,1020.7977905273438,195.87330627441406,1079.3455810546875,195.21629333496094
774,498.25628662109375,207.28579711914062,529.5326538085938,206.80027770996094
775,569.8837280273438,269.91046142578125,603.3048706054688,271.54931640625
776,970.5548095703125,111.30461883544922,1024.2869873046875,106.32782745361328
777,776.043212890625,319.15350341796875,822.9440307617188,326.36260986328125
778,175.56222534179688,137.84693908691406,212.79348754882812,137.06321716308594
779,430.6377868652344,117.3533935546875,464.03558349609375,115.44940185546875
780,718.2114868164062,235.6109619140625,758.168212890625,236.76934814453125
781,868.9402465820312,222.3305206298828,921.93115234375,223.66062927246094
782,1052.1463623046875,104.10382843017578,1113.1060791015625,97.8839340209961
783,501.9928894042969,199.28895568847656,532.4043579101562,198.7998504638672
784,601.9888305664062,222.73092651367188,635.6810913085938,222.44053649902344
785,650.2784423828125,155.80764770507812,684.013427734375,153.78585815429688
786,559.3291625976562,209.42137145996094,591.1430053710938,208.61666870117188
787,711.1781005859375,307.8934020996094,752.295654296875,313.5270080566406
788,404.125732421875,218.09616088867188,435.4493713378906,217.28662109375
789,731.2378540039062,234.33856201171875,771.4180297851562,235.93087768554688
790,270.1138916015625,182.3479766845703,305.3425598144531,181.01625061035156
791,350.1312255859375,255.0144805908203,380.42364501953125,254.81884765625
792,229.01220703125,120.91667938232422,265.7139892578125,120.30879211425781
793,547.6514892578125,148.13714599609375,579.336669921875,146.59596252441406
794,838.7575073242188,102.26435089111328,880.6923217773438,97.87060546875
795,907.412353515625,244.08775329589844,964.95947265625,247.2223358154297
796,91.84228515625,273.888671875,126.9119873046875,272.5263977050781
797,563.6900634765625,279.0292053222656,596.0657348632812,281.2808837890625
798,174.1259002685547,294.94232177734375,200.3129425048828,295.4477844238281
799,250.0699005126953,99.70128631591797,286.0052795410156,99.46498107910156
800,645.5064697265625,131.7629852294922,678.1034545898438,129.79754638671875
801,922.8733520507812,325.1579895019531,984.2451782226562,335.0433654785156
802,832.8153076171875,260.66259765625,878.72509765625,263.7197265625
803,932.4969482421875,155.63206481933594,982.7606811523438,152.79327392578125
804,582.2109375,284.46002197265625,615.6547241210938,287.0762634277344
805,1037.0924072265625,330.2479248046875,1112.676513671875,342.22222900390625
806,190.00730895996094,197.5552215576172,228.1362762451172,196.7478485107422
807,1072.2681884765625,166.18028259277344,1136.2750244140625,163.79788208007812
808,141.39015197753906,219.69371032714844,178.6304473876953,218.4474334716797
809,690.5465087890625,114.46229553222656,724.1591186523438,111.77456665039062
810,1007.3514404296875,54.30216598510742,1061.719970703125,47.090702056884766
811,1040.376220703125,105.620849609375,1101.165283203125,99.24897003173828
812,998.10546875,169.24879455566406,1055.403564453125,167.6763458251953
813,638.7637939453125,157.6260223388672,672.421630859375,155.4965362548828
814,813.3982543945312,252.73178100585938,861.2642822265625,255.3297119140625
815,275.0741271972656,132.8924102783203,310.2510681152344,132.19810485839844
816,1128.6602783203125,177.15399169921875,1199.105224609375,175.13511657714844
817,832.2533569335938,333.1959228515625,886.4425659179688,343.67706298828125
818,1067.683837890625,253.7342071533203,1134.490478515625,257.1338195800781
819,1066.1514892578125,150.66012573242188,1129.41455078125,146.79739379882812
820,967.88916015625,142.90065002441406,1021.0970458984375,139.20989990234375
821,848.5403442382812,111.88763427734375,892.31982421875,107.22964477539062
822,718.1904296875,224.9104766845703,758.0601196289062,225.6206817626953
823,686.175537109375,88.99864196777344,719.5938720703125,85.81539154052734
824,134.34434509277344,240.5109405517578,171.6611785888672,238.9755859375
825,977.5812377929688,321.4334411621094,1043.2584228515625,331.3829040527344
826,893.647705078125,329.0721740722656,952.450927734375,339.47930908203125
827,404.16253662109375,179.0469512939453,435.8930969238281,177.97679138183594
828,190.77120971679688,47.88978576660156,227.6885528564453,48.633399963378906
829,695.7971801757812,100.7437973022461,729.511962890625,97.91621398925781
830,958.9928588867188,250.46893310546875,1020.8693237304688,254.4110870361328
831,860.1268920898438,163.68145751953125,903.9580078125,161.45315551757812
832,222.0750274658203,121.49819946289062,258.8553466796875,120.97517395019531
833,802.0321044921875,69.0749282836914,837.2948608398438,65.33580017089844
834,1119.3983154296875,286.70037841796875,1197.5262451171875,294.0370178222656
835,966.9263305664062,251.3142852783203,1028.753662109375,254.64930725097656
836,200.30438232421875,82.95880126953125,236.8178253173828,83.00642395019531
837,726.783203125,293.72662353515625,767.9944458007812,298.0543518066406
838,1082.8553466796875,147.52206420898438,1148.2330322265625,143.69654846191406
839,494.8514404296875,258.0851135253906,526.6096801757812,258.5888671875
840,850.0936279296875,167.14752197265625,893.3818969726562,165.0420379638672
841,882.6245727539062,329.8244323730469,940.2349243164062,339.9713439941406
842,703.1880493164062,108.93114471435547,737.1197509765625,106.31080627441406
843,1098.637451171875,188.84487915039062,1165.8216552734375,188.2010955810547
844,819.1951293945312,33.06732177734375,858.8325805664062,27.275264739990234
845,667.42578125,177.6217803955078,703.8665161132812,176.65774536132812
846,874.4685668945312,98.82807922363281,918.3052368164062,94.09400177001953
847,906.960205078125,185.0106964111328,962.052001953125,183.86878967285156
848,181.30604553222656,345.8036193847656,205.67572021484375,349.8706359863281
849,201.6116943359375,87.15663146972656,238.83517456054688,87.3644027709961
850,166.82937622070312,152.58668518066406,205.16448974609375,151.62466430664062
851,806.7354736328125,251.11460876464844,853.3250122070312,253.1768035888672
852,650.0418090820312,108.84998321533203,682.9651489257812,106.83769989013672
853,465.9396667480469,236.92581176757812,497.1257019042969,236.4033966064453
854,278.4756164550781,102.6574478149414,314.35003662109375,102.38906860351562
855,271.0553894042969,209.31539916992188,305.482177734375,208.1075897216797
856,927.8372802734375,171.85081481933594,977.5824584960938,169.89303588867188
857,635.3452758789062,216.74656677246094,669.7692260742188,216.52511596679688
858,167.03094482421875,59.62051010131836,204.50257873535156,59.96059036254883
859,713.4275512695312,82.59087371826172,747.3003540039062,79.25037384033203
860,897.1422119140625,317.15216064453125,954.7075805664062,325.82830810546875
861,715.9552001953125,222.6995849609375,756.04833984375,223.01885986328125
862,302.9178161621094,170.33290100097656,338.1222839355469,169.3227081298828
863,862.0820922851562,115.48966979980469,905.9589233398438,111.35916137695312
864,864.567626953125,251.27761840820312,917.1502685546875,254.60708618164062
865,791.5484008789062,207.52467346191406,834.6426391601562,207.3072052001953
866,626.2683715820312,189.15562438964844,659.6406860351562,188.27578735351562
867,192.42095947265625,200.8949432373047,230.21633911132812,199.3647003173828
868,1030.0592041015625,158.42398071289062,1089.3428955078125,155.5650634765625
869,894.54833984375,40.471229553222656,941.2110595703125,32.869815826416016
870,1069.4825439453125,123.87847137451172,1133.1190185546875,118.5422592163086
871,634.5498657226562,238.64443969726562,669.9412841796875,239.5014190673828
872,300.0430603027344,243.23028564453125,332.1650695800781,241.93148803710938
873,503.2389221191406,168.60580444335938,534.0803833007812,167.6466522216797
874,25.633968353271484,13.673002243041992,69.69247436523438,16.218719482421875
875,1124.7191162109375,253.6387481689453,1197.7452392578125,257.4698181152344
876,1111.604248046875,323.4604187011719,1196.1585693359375,335.44403076171875
877,1015.5121459960938,176.85086059570312,1074.086181640625,175.032958984375
878,91.71122741699219,319.83892822265625,119.00098419189453,320.96600341796875
879,263.4369812011719,157.45919799804688,299.336181640625,156.5075225830078
880,866.2559204101562,68.5643539428711,909.3347778320312,62.62882995605469
881,693.72021484375,114.23013305664062,727.447509765625,111.53074645996094
882,746.7991333007812,308.25213623046875,790.3275146484375,314.4356384277344
883,1129.1561279296875,200.89459228515625,1200.076416015625,200.185302734375
884,932.2327880859375,335.34869384765625,996.3192749023438,346.9648132324219
885,77.01212310791016,250.4144287109375,116.16183471679688,249.1015625
886,1101.3262939453125,52.839111328125,1166.010009765625,42.21796417236328
887,869.1751708984375,99.27703857421875,913.2405395507812,94.72574615478516
888,860.3679809570312,251.1442108154297,913.0057373046875,254.45355224609375
889,1143.431396484375,322.371337890625,1233.613525390625,334.5157470703125
890,669.036865234375,113.92312622070312,701.7837524414062,111.54595947265625
891,1115.8572998046875,253.8790740966797,1188.5743408203125,257.236083984375
892,156.37559509277344,208.3572235107422,193.10836791992188,206.9706268310547
893,66.41797637939453,290.1789245605469,99.31112670898438,289.5115966796875
894,1075.6002197265625,46.85285186767578,1138.8353271484375,36.25387954711914
895,1087.79443359375,349.6174011230469,1174.5311279296875,365.25579833984375
896,381.81658935546875,137.91207885742188,415.0479736328125,136.80064392089844
897,1079.0465087890625,162.4976043701172,1143.9432373046875,159.3433380126953
898,604.1607055664062,298.8841857910156,638.5377807617188,302.798583984375
899,704.4074096679688,86.4693832397461,738.2088623046875,83.5321273803711
900,917.8348999023438,244.1776123046875,976.3222045898438,247.32984924316406
901,620.3067626953125,128.6101531982422,653.5692749023438,126.21690368652344
902,907.9580078125,93.95231628417969,954.5321044921875,88.4605484008789
903,287.9003601074219,198.61529541015625,321.8429870605469,197.4520263671875
904,441.9595031738281,270.6221008300781,472.0082702636719,271.20294189453125
905,859.7958374023438,159.88209533691406,903.2393188476562,157.6405029296875
906,275.4743347167969,147.00767517089844,310.5422668457031,146.87188720703125
907,660.703125,88.2921371459961,693.4059448242188,85.54841613769531
908,119.8570785522461,306.363525390625,148.6282196044922,306.8945007324219
909,167.46466064453125,145.5859375,205.3552703857422,145.06736755371094
910,796.0439453125,58.64025115966797,830.732666015625,55.32276153564453
911,652.2630004882812,115.50889587402344,684.703125,113.00791931152344
912,786.4063110351562,296.7027893066406,832.1085815429688,302.04071044921875
913,255.01377868652344,200.52273559570312,290.55206298828125,199.25186157226562
914,463.7627868652344,244.48138427734375,494.971923828125,244.0738983154297
915,1063.393798828125,334.1316833496094,1143.029296875,346.8939514160156
916,263.19390869140625,163.7027587890625,298.8584899902344,162.71730041503906
917,1120.1539306640625,22.01062774658203,1185.4801025390625,10.792790412902832
918,587.6895141601562,190.85018920898438,620.3135986328125,189.6733856201172
919,198.73135375976562,343.9688720703125,222.0267333984375,348.5154113769531
920,961.1925659179688,139.37680053710938,1014.0610961914062,135.81121826171875
921,508.8520202636719,177.1161651611328,540.4269409179688,175.8692626953125
922,1052.0479736328125,177.31411743164062,1113.575927734375,175.43006896972656
923,1055.7291259765625,172.23419189453125,1118.0111083984375,170.1037139892578
924,1054.032958984375,333.2071533203125,1132.29345703125,345.770751953125
925,373.70782470703125,197.98451232910156,405.8750305175781,196.78262329101562
926,1069.4825439453125,123.87847137451172,1133.1190185546875,118.5422592163086
927,202.52610778808594,78.82914733886719,239.0331268310547,78.66158294677734
928,129.11672973632812,26.920286178588867,168.1990509033203,28.257465362548828
929,1063.0914306640625,163.36387634277344,1126.129638671875,160.50990295410156
930,362.1084899902344,269.2131042480469,392.5047607421875,269.4986267089844
931,184.35702514648438,211.4174041748047,220.35792541503906,210.14993286132812
932,743.4382934570312,136.98330688476562,781.2614135742188,134.1100311279297
933,928.238037109375,110.4184341430664,976.953857421875,105.55966186523438
934,232.0497589111328,196.08465576171875,268.67767333984375,194.755126953125
935,141.3492889404297,217.03700256347656,177.52743530273438,215.45069885253906
936,581.7757568359375,186.48776245117188,613.9518432617188,185.3190460205078
937,768.5418701171875,303.244384765625,813.1998291015625,308.5897216796875
938,654.4307250976562,305.900390625,692.3248291015625,310.9327697753906
939,944.4220581054688,148.7246856689453,995.639404296875,145.8158721923828
940,973.2010498046875,324.1376647949219,1039.4539794921875,334.4618225097656
941,705.8099975585938,211.88148498535156,745.1495971679688,211.92726135253906
942,830.6040649414062,34.575252532958984,871.7338256835938,27.968364715576172
943,699.7420654296875,98.19184112548828,733.08935546875,95.29969024658203
944,1077.8927001953125,121.794189453125,1142.10791015625,115.8166732788086
945,985.6801147460938,59.3925666809082,1038.1058349609375,51.868072509765625
946,479.18408203125,252.8905487060547,510.5718688964844,252.95077514648438
947,740.9678955078125,78.185546875,775.71435546875,74.95186614990234
948,169.4022674560547,137.76353454589844,206.80638122558594,136.94020080566406
949,1038.348876953125,100.80591583251953,1098.4407958984375,93.80404663085938
950,901.1962890625,185.06915283203125,954.65380859375,184.11383056640625
951,266.95001220703125,175.3459014892578,302.4646911621094,174.0944366455078
952,209.8521270751953,226.4393310546875,246.58851623535156,224.82298278808594
953,1032.25341796875,190.8878631591797,1092.1845703125,189.89999389648438
954,815.1981201171875,38.49431610107422,852.1642456054688,34.67657470703125
955,808.0557250976562,329.1722717285156,858.1136474609375,338.1607666015625
956,941.587646484375,140.03672790527344,993.382080078125,136.59104919433594
957,974.148681640625,320.787841796875,1040.65234375,330.9396057128906
958,838.4497680664062,314.2266540527344,889.8323974609375,321.9856872558594
959,1074.33154296875,159.48641967773438,1139.1097412109375,156.69207763671875
960,813.3967895507812,300.52545166015625,861.8775024414062,306.21600341796875
961,962.7623291015625,148.459716796875,1015.602783203125,145.12118530273438
962,880.5596923828125,174.05288696289062,924.449462890625,172.62677001953125
963,240.8235321044922,191.41635131835938,277.1947937011719,190.26824951171875
964,525.5718994140625,154.10877990722656,557.5197143554688,152.43142700195312
965,1143.391357421875,325.32061767578125,1232.4713134765625,337.88519287109375
966,8.381585121154785,14.692000389099121,52.96314239501953,17.051450729370117
967,1125.2562255859375,325.02197265625,1212.5032958984375,337.60888671875
968,45.47760772705078,17.936824798583984,88.3716049194336,19.90629768371582
969,210.55897521972656,350.3358459472656,233.142822265625,355.43084716796875
970,1070.5718994140625,145.51348876953125,1133.82421875,141.4717559814453
971,1114.8468017578125,323.2098693847656,1198.8721923828125,335.4457702636719
972,210.5180206298828,345.8477783203125,233.979736328125,350.8173828125
973,724.7054443359375,296.4844665527344,766.0065307617188,301.0585632324219
974,249.2360076904297,161.8748016357422,284.93780517578125,160.72096252441406
975,173.29379272460938,329.41912841796875,198.05714416503906,332.0486755371094
976,947.2626342773438,153.35647583007812,998.511474609375,150.47085571289062
977,1045.0562744140625,179.15579223632812,1106.565185546875,177.50344848632812
978,800.5272216796875,64.45643615722656,835.81103515625,60.79014587402344
979,664.5277099609375,91.56620025634766,697.4849853515625,88.73802185058594
980,141.11376953125,61.97747802734375,179.55316162109375,62.38564682006836
981,206.97085571289062,183.02528381347656,244.8908233642578,181.7103729248047
982,1104.9095458984375,302.059326171875,1184.5457763671875,311.0838317871094
983,949.115478515625,108.4378890991211,1000.7314453125,103.29969787597656
984,1065.9246826171875,180.26077270507812,1129.4744873046875,178.53302001953125
985,357.55328369140625,191.54071044921875,389.77984619140625,190.34486389160156
986,921.6970825195312,245.1710968017578,980.6537475585938,248.4241180419922
987,507.6615905761719,173.39315795898438,539.2119140625,172.0504913330078
988,270.1138916015625,182.3479766845703,305.3425598144531,181.01625061035156
989,987.5346069335938,153.86366271972656,1043.3790283203125,151.06715393066406
990,354.24493408203125,262.5566711425781,384.8141784667969,262.42742919921875
991,1020.8685913085938,327.0672912597656,1094.388427734375,338.3944396972656
992,158.4403839111328,28.904226303100586,195.89260864257812,29.710065841674805
993,156.65908813476562,61.39212417602539,194.69471740722656,61.98418045043945
994,861.1609497070312,221.946044921875,913.3530883789062,223.1265106201172
995,145.39907836914062,8.925737380981445,183.21287536621094,9.86661434173584
996,194.64111328125,211.92474365234375,231.28076171875,210.8489990234375
997,17.69093132019043,16.912742614746094,61.869632720947266,19.29271697998047
998,853.2691650390625,250.43057250976562,905.2755737304688,253.64772033691406
999,639.6614379882812,217.31268310546875,674.0059814453125,217.0073699951172
1000,837.1216430664062,228.47889709472656,887.349853515625,230.37393188476562
1001,124.11772918701172,168.52296447753906,166.65235900878906,167.41615295410156
1002,625.4891357421875,173.0923309326172,658.9751586914062,171.46632385253906
1003,1122.427490234375,343.27410888671875,1213.87255859375,358.93109130859375
1004,799.528076171875,323.1208801269531,848.361328125,331.4602355957031
1005,932.4969482421875,155.63206481933594,982.7606811523438,152.79327392578125
1006,842.6339111328125,294.8789978027344,893.0338745117188,300.6042785644531
1007,881.2593383789062,339.0665588378906,939.0684814453125,349.8821716308594
1008,838.0662841796875,43.28565216064453,879.320556640625,36.99283218383789
1009,1050.275634765625,180.6086883544922,1112.088623046875,178.7061309814453
1010,1093.768798828125,348.14874267578125,1180.8438720703125,363.59326171875
1011,529.8736572265625,236.30055236816406,561.6392822265625,236.85833740234375
1012,939.674560546875,330.8127136230469,1003.70654296875,342.07586669921875
1013,750.5532836914062,136.9970245361328,788.7053833007812,134.0059356689453
1014,522.0305786132812,279.9317626953125,554.0239868164062,281.8781433105469
1015,1022.1178588867188,246.3267059326172,1085.289794921875,249.12124633789062
1016,406.9980163574219,203.33070373535156,438.4299011230469,202.11326599121094
1017,1131.422607421875,316.333251953125,1217.9176025390625,327.614013671875
1018,168.71652221679688,166.65811157226562,207.7224884033203,165.6853790283203
1019,33.0732421875,7.526275157928467,76.39285278320312,9.940447807312012
1020,813.8873901367188,304.3387145996094,863.5411376953125,310.4410400390625
1021,697.6541137695312,313.656494140625,738.3594360351562,319.7306823730469
1022,105.88417053222656,99.23318481445312,146.0650177001953,99.3418960571289
1023,817.9861450195312,320.0899353027344,868.4688110351562,328.11224365234375
1024,838.015869140625,318.0546569824219,890.1678466796875,326.192626953125
1025,276.352294921875,122.94868469238281,311.8932800292969,122.3701400756836
1026,221.34007263183594,118.77561950683594,257.8569641113281,118.46338653564453
1027,629.9483032226562,127.36959075927734,662.9639282226562,125.25638580322266
1028,817.1254272460938,312.6306457519531,866.8853149414062,319.6960754394531
1029,567.7772216796875,159.06739807128906,599.6001586914062,157.44480895996094
1030,152.8262481689453,68.25204467773438,190.91737365722656,68.53673553466797
1031,750.1090698242188,219.89791870117188,790.8696899414062,220.6955108642578
1032,103.88765716552734,61.38650131225586,143.55816650390625,61.8846321105957
1033,635.4467163085938,233.67237854003906,670.4225463867188,234.38291931152344
1034,25.406110763549805,17.304414749145508,68.70521545410156,19.420061111450195
1035,982.11767578125,320.8944396972656,1048.9447021484375,330.90020751953125
1036,927.8372802734375,171.85081481933594,977.5824584960938,169.89303588867188
1037,945.9507446289062,326.70404052734375,1009.940185546875,337.1859436035156
1038,1111.331787109375,60.69514465332031,1177.08837890625,50.943016052246094
1039,733.4651489257812,190.6031951904297,774.338623046875,189.9918975830078
1040,928.9357299804688,93.61807250976562,977.0215454101562,88.14838409423828
1041,410.5221862792969,265.31640625,440.8286437988281,265.6901550292969
1042,683.5365600585938,132.49807739257812,718.7350463867188,129.75885009765625
1043,112.53726959228516,169.15643310546875,155.44854736328125,168.44483947753906
1044,709.8710327148438,110.43241119384766,743.9194946289062,107.80128479003906
1045,1016.2344970703125,18.553409576416016,1071.033935546875,8.41413688659668
1046,837.7052612304688,300.45294189453125,887.6400756835938,306.58819580078125
1047,198.35433959960938,341.2708740234375,222.22210693359375,345.3450012207031
1048,175.58497619628906,38.85905456542969,212.90591430664062,39.46924591064453
1049,244.81871032714844,185.50634765625,281.2500305175781,184.6770782470703
1050,1106.4500732421875,253.08982849121094,1178.274169921875,256.7302551269531
1051,366.7542724609375,109.4764404296875,400.3804931640625,108.67974090576172
1052,1099.3082275390625,125.33094024658203,1166.9410400390625,120.36087799072266
1053,830.9141845703125,297.1497802734375,879.8243408203125,303.134033203125
1054,933.8768310546875,106.52317810058594,981.4535522460938,102.49471282958984
1055,710.738037109375,296.01800537109375,751.0809326171875,300.5953674316406
1056,630.2387084960938,292.5720520019531,666.174560546875,296.0580139160156
1057,484.46160888671875,187.351806640625,515.690185546875,185.9660186767578
1058,983.090087890625,149.73941040039062,1038.127197265625,146.50238037109375
1059,728.71484375,189.57498168945312,768.883544921875,188.47572326660156
1060,381.2333068847656,131.4310760498047,414.404296875,130.55722045898438
1061,716.1356201171875,153.9232177734375,754.6080932617188,151.53744506835938
1062,789.1863403320312,294.1031799316406,835.2560424804688,299.2240905761719
1063,280.8685607910156,172.9627685546875,316.589111328125,171.59457397460938
1064,808.0557250976562,329.1722717285156,858.1136474609375,338.1607666015625
1065,577.1986083984375,280.58380126953125,610.6871948242188,282.85205078125
1066,94.37541961669922,38.973655700683594,134.6917266845703,40.39442825317383
1067,971.3057861328125,317.760009765625,1037.3477783203125,327.44329833984375
1068,753.4669799804688,133.0033416748047,791.870361328125,129.84097290039062
1069,1081.96337890625,65.95169830322266,1145.2113037109375,57.47065734863281
1070,1079.1787109375,45.92278289794922,1141.7098388671875,36.28349685668945
1071,650.2784423828125,155.80764770507812,684.013427734375,153.78585815429688
1072,568.5324096679688,140.92044067382812,600.2572021484375,139.50808715820312
1073,231.35455322265625,197.7665557861328,267.84130859375,196.27447509765625
1074,976.4759521484375,324.2104187011719,1044.353515625,334.7279357910156
1075,164.08358764648438,207.9738006591797,202.14126586914062,206.45848083496094
1076,639.919189453125,177.92837524414062,673.7672119140625,176.264892578125
1077,789.0772705078125,169.13372802734375,831.6522827148438,167.04701232910156
1078,804.229248046875,110.8840560913086,845.1932373046875,107.06745147705078
1079,131.47850036621094,138.59060668945312,170.1422576904297,138.00973510742188
1080,957.2103881835938,168.16812133789062,1009.9837036132812,165.8123016357422
1081,943.7424926757812,240.6422882080078,1003.1561889648438,243.6854705810547
1082,759.7088012695312,120.03998565673828,798.4977416992188,116.5864028930664
1083,913.62255859375,149.60389709472656,962.1842651367188,146.70591735839844
1084,221.09486389160156,348.50787353515625,243.4787139892578,353.5398864746094
1085,556.3519287109375,148.84786987304688,588.1876831054688,147.1819610595703
1086,58.1382942199707,249.39990234375,99.00505828857422,247.11964416503906
1087,127.65687561035156,237.98013305664062,165.46295166015625,236.42018127441406
1088,436.0364685058594,182.22314453125,467.7990417480469,180.85308837890625
1089,682.2227783203125,107.60002136230469,715.5115356445312,105.0748062133789
1090,157.68016052246094,51.53200149536133,196.05560302734375,51.990684509277344
1091,222.43234252929688,205.36032104492188,259.28857421875,204.27957153320312
1092,438.1385192871094,265.7242736816406,468.5788269042969,266.1710205078125
1093,718.1904296875,224.9104766845703,758.0601196289062,225.6206817626953
1094,93.29266357421875,324.0288391113281,120.19815063476562,325.34832763671875
1095,721.9630737304688,318.41021728515625,764.9157104492188,325.01361083984375
1096,626.220458984375,148.6988067626953,659.4999389648438,146.55043029785156
1097,25.5240421295166,320.3172607421875,53.65293502807617,319.7706604003906
1098,482.2152404785156,267.0323181152344,513.441650390625,267.7751159667969
1099,759.528564453125,313.39825439453125,804.4454956054688,320.1588439941406
1100,41.08747100830078,279.79150390625,76.85375213623047,278.5218200683594
1101,459.32281494140625,275.9141540527344,489.62261962890625,276.9616394042969
1102,220.63075256347656,170.7191925048828,257.38189697265625,169.51589965820312
1103,279.3730773925781,152.1456756591797,314.5872802734375,151.41993713378906
1104,507.6615905761719,173.39315795898438,539.2119140625,172.0504913330078
1105,252.39312744140625,182.9159698486328,288.4900817871094,181.6020965576172
1106,1087.1060791015625,334.2278137207031,1169.901123046875,347.4493713378906
1107,578.7816162109375,203.75210571289062,612.4501342773438,203.38356018066406
1108,912.1983642578125,334.6918029785156,974.3657836914062,345.8391418457031
1109,1020.8685913085938,327.0672912597656,1094.388427734375,338.3944396972656
1110,1005.0512084960938,40.74423599243164,1059.229248046875,31.529327392578125
1111,650.0418090820312,108.84998321533203,682.9651489257812,106.83769989013672
1112,375.5152587890625,110.38018798828125,408.7319030761719,109.51483154296875
1113,1113.7774658203125,111.1080551147461,1183.0147705078125,104.35348510742188
1114,294.8876647949219,106.08485412597656,329.97369384765625,105.71411895751953
1115,815.2037963867188,218.66957092285156,863.5040893554688,218.92770385742188
1116,340.8013000488281,116.3028564453125,374.9549255371094,115.63497161865234
1117,560.7125854492188,231.4159393310547,593.1304321289062,230.85101318359375
1118,958.29833984375,321.983154296875,1022.9965209960938,332.0143127441406
1119,871.0137939453125,328.9925537109375,927.3525390625,338.7376403808594
1120,377.3897399902344,264.60235595703125,407.30157470703125,264.4466247558594
1121,820.9078369140625,317.1977233886719,871.3330078125,325.0514221191406
1122,690.6818237304688,132.7757110595703,726.0064697265625,130.18128967285156
1123,855.0974731445312,176.11793518066406,898.2284545898438,174.8010711669922
1124,1131.4793701171875,345.02191162109375,1223.671630859375,360.9692077636719
1125,1055.9453125,169.18603515625,1118.3321533203125,166.98724365234375
1126,104.04997253417969,126.38286590576172,144.30722045898438,126.22711181640625
1127,827.9335327148438,77.13452911376953,869.2654418945312,71.76727294921875
1128,981.9093017578125,61.941471099853516,1034.202392578125,54.519493103027344
1129,411.3466491699219,106.49259185791016,444.0656433105469,105.69678497314453
1130,784.7601928710938,112.88684844970703,824.793701171875,109.05864715576172
1131,372.6941833496094,216.55979919433594,404.8583679199219,215.35150146484375
1132,912.9325561523438,320.1299743652344,972.738037109375,329.57574462890625
1133,521.5699462890625,220.15249633789062,553.268310546875,219.91244506835938
1134,1013.74560546875,327.0101623535156,1085.9609375,338.3043518066406
1135,520.3126831054688,243.3434600830078,551.9401245117188,243.4407196044922
1136,886.5982666015625,325.6638488769531,943.9436645507812,335.5404357910156
1137,966.4482421875,323.2815246582031,1032.175537109375,333.4883728027344
1138,1022.5848388671875,350.48297119140625,1100.0367431640625,365.3849792480469
1139,1048.125244140625,113.47283935546875,1109.4971923828125,108.13255310058594
1140,267.5284729003906,98.6248550415039,303.6745910644531,98.33683776855469
1141,267.3731994628906,138.40859985351562,302.86456298828125,137.4722900390625
1142,735.3240356445312,137.1437530517578,773.2589721679688,134.31289672851562
1143,1044.2249755859375,339.4676208496094,1121.1219482421875,353.0803527832031
1144,798.9135131835938,69.83450317382812,833.91552734375,66.39955139160156
1145,742.8416137695312,212.41270446777344,783.1051635742188,212.26564025878906
1146,421.61700439453125,151.65072631835938,454.06427001953125,150.57583618164062
1147,469.5087585449219,262.5810546875,501.0860290527344,263.0135192871094
1148,665.1793212890625,180.3408966064453,701.0587768554688,179.17506408691406
1149,490.05462646484375,229.75839233398438,521.6647338867188,229.6792755126953
1150,155.88253784179688,81.49529266357422,194.32916259765625,82.08956909179688
1151,678.4064331054688,289.7880859375,716.7841186523438,293.6688232421875
1152,845.3746948242188,20.076980590820312,880.4222412109375,16.001258850097656
1153,287.8298034667969,108.7950668334961,323.4173278808594,108.1466293334961
1154,347.7873840332031,191.25936889648438,379.95562744140625,189.9723358154297
1155,278.8624267578125,198.0225067138672,313.781005859375,196.8028564453125
1156,320.6615905761719,104.31201171875,355.3207092285156,104.00614166259766
1157,168.65821838378906,171.89151000976562,207.56724548339844,171.28001403808594
1158,1140.23681640625,232.66490173339844,1212.489013671875,234.47433471679688
1159,416.44757080078125,154.69464111328125,448.6415100097656,153.48159790039062
1160,145.39907836914062,8.925737380981445,183.21287536621094,9.86661434173584
1161,434.0916442871094,254.45274353027344,464.641845703125,254.56695556640625
1162,301.3534240722656,273.2133483886719,331.42303466796875,273.3210144042969
1163,914.5499877929688,136.2633819580078,963.5435791015625,132.59136962890625
1164,404.9289245605469,109.87767791748047,437.84332275390625,109.12641143798828
1165,978.0537109375,154.0087432861328,1032.7596435546875,151.19076538085938
1166,636.490478515625,152.66197204589844,670.0078125,150.7853546142578
1167,685.5228271484375,287.14044189453125,723.2905883789062,290.8811340332031
1168,1037.1058349609375,232.34336853027344,1098.9532470703125,234.14590454101562
1169,59.07624435424805,226.41212463378906,101.8553237915039,224.5309295654297
1170,766.2987060546875,213.39584350585938,808.4088134765625,213.48777770996094
1171,794.2743530273438,120.4599609375,833.8674926757812,116.92886352539062
1172,273.9159240722656,101.19866943359375,310.6375427246094,100.9554672241211
1173,433.7634582519531,177.5790557861328,465.6028747558594,176.30377197265625
1174,40.39423751831055,8.982378959655762,83.25363159179688,11.199270248413086
1175,275.7305603027344,208.11343383789062,310.4968566894531,206.72047424316406
1176,834.554931640625,323.51763916015625,886.3134155273438,331.99310302734375
1177,974.148681640625,320.787841796875,1040.65234375,330.9396057128906
1178,840.3133544921875,309.94091796875,891.4342651367188,317.0935974121094
1179,101.23015594482422,101.60157012939453,141.34854125976562,101.84916687011719
1180,1008.0643310546875,349.2735595703125,1083.2734375,363.6374206542969
1181,179.34579467773438,209.38609313964844,215.12147521972656,208.18858337402344
1182,558.5477905273438,198.057861328125,590.9072875976562,197.2001190185547
1183,488.2979736328125,180.49063110351562,519.817138671875,179.29522705078125
1184,1067.2139892578125,110.34716796875,1131.4443359375,103.92123413085938
1185,1069.0491943359375,90.3944320678711,1131.50537109375,83.0572738647461
1186,755.3706665039062,317.1866455078125,799.8911743164062,323.9229431152344
1187,1118.4190673828125,206.8407440185547,1188.0628662109375,206.79798889160156
1188,1146.5765380859375,97.07662963867188,1220.47802734375,89.33122253417969
1189,841.7799072265625,324.1322326660156,894.72900390625,333.099609375
1190,212.77610778808594,180.14633178710938,249.85679626464844,178.83352661132812
1191,769.6806640625,296.6080322265625,813.981689453125,301.8797302246094
1192,676.5502319335938,88.28089141845703,709.4583129882812,85.74230194091797
1193,25.5240421295166,320.3172607421875,53.65293502807617,319.7706604003906
1194,982.855712890625,65.02982330322266,1036.1895751953125,56.873252868652344
1195,968.4535522460938,147.0251922607422,1021.8627319335938,143.94232177734375
1196,945.9507446289062,326.70404052734375,1009.940185546875,337.1859436035156
1197,32.21818923950195,289.8490295410156,64.60299682617188,289.5528869628906
1198,800.4606323242188,201.81173706054688,844.9344482421875,201.66619873046875
1199,1044.6802978515625,112.49268341064453,1105.3946533203125,106.32302856445312
1200,453.0089111328125,232.4680938720703,484.4204406738281,231.68002319335938
1201,978.8701171875,115.8099136352539,1032.78857421875,110.69153594970703
1202,1092.2021484375,335.1612243652344,1176.832275390625,348.9425048828125
1203,741.7496948242188,302.2857360839844,784.70703125,307.63677978515625
1204,726.4136352539062,125.82081604003906,763.253662109375,123.10870361328125
1205,715.9994506835938,100.26929473876953,750.0509643554688,97.51329803466797
1206,1104.5279541015625,270.3741455078125,1177.6795654296875,275.4388122558594
1207,28.25833511352539,20.12517738342285,71.52781677246094,21.833585739135742
1208,984.4695434570312,168.03176879882812,1040.0660400390625,165.40618896484375
1209,976.4759521484375,324.2104187011719,1044.353515625,334.7279357910156
1210,154.77438354492188,164.3501739501953,194.97744750976562,163.5749053955078
1211,686.48681640625,289.93011474609375,725.4165649414062,294.0809326171875
1212,496.1670227050781,201.48834228515625,528.1334228515625,200.9176483154297
1213,791.4180908203125,70.9178237915039,825.8941040039062,67.30339050292969
1214,1090.6595458984375,337.3851623535156,1174.7464599609375,351.1433410644531
1215,600.8829345703125,193.001708984375,633.66455078125,191.5902557373047
1216,710.2890014648438,266.6573181152344,749.1166381835938,268.79681396484375
1217,556.7078247070312,274.4189147949219,589.572509765625,276.16217041015625
1218,553.5017700195312,137.24002075195312,585.3379516601562,135.3616180419922
1219,745.9540405273438,184.21470642089844,786.5585327148438,182.6277618408203
1220,170.05972290039062,17.89902114868164,208.18399047851562,19.036128997802734
1221,664.7283935546875,227.88314819335938,701.4005126953125,228.59085083007812
1222,962.2655639648438,120.59925842285156,1014.8340454101562,115.95885467529297
1223,1122.335693359375,170.76663208007812,1193.0352783203125,169.10540771484375
1224,964.085205078125,129.5817413330078,1016.9216918945312,126.0840072631836
1225,513.8593139648438,226.91790771484375,545.6238403320312,226.70018005371094
1226,531.1884155273438,135.71971130371094,563.0518798828125,134.58624267578125
1227,891.1636352539062,315.9473876953125,947.9382934570312,324.2332458496094
1228,375.8333435058594,206.4375762939453,408.11083984375,205.05482482910156
1229,167.96446228027344,68.66259002685547,206.24557495117188,68.6713638305664
1230,184.29019165039062,46.08810806274414,221.4488525390625,46.395870208740234
1231,179.79933166503906,332.7691650390625,204.26675415039062,335.7710266113281
1232,267.97039794921875,188.33802795410156,303.95159912109375,187.14260864257812
1233,649.9385986328125,151.9921875,682.9387817382812,150.1730194091797
1234,920.0559692382812,158.314453125,969.1405029296875,155.84095764160156
1235,42.676048278808594,22.47003173828125,86.13751220703125,24.601945877075195
1236,578.7816162109375,203.75210571289062,612.4501342773438,203.38356018066406
1237,280.8685607910156,172.9627685546875,316.589111328125,171.59457397460938
1238,776.043212890625,319.15350341796875,822.9440307617188,326.36260986328125
1239,235.2935333251953,358.828857421875,256.7666015625,364.9556884765625
1240,962.4166870117188,252.97511291503906,1023.915283203125,256.94482421875
1241,1014.72998046875,193.80201721191406,1072.8162841796875,192.93409729003906
1242,531.1884155273438,135.71971130371094,563.0518798828125,134.58624267578125
1243,1097.7894287109375,346.61065673828125,1185.378662109375,361.8581848144531
1244,696.5697021484375,86.35889434814453,730.0963745117188,83.65348815917969
1245,920.73681640625,181.70553588867188,970.3827514648438,180.24298095703125
1246,263.4369812011719,157.45919799804688,299.336181640625,156.5075225830078
1247,205.1427001953125,226.48880004882812,239.75775146484375,224.85520935058594
1248,979.7664184570312,146.69801330566406,1034.370361328125,143.0259246826172
1249,1101.9583740234375,332.4241027832031,1186.709228515625,345.6295471191406
1250,450.5455627441406,254.05319213867188,479.9407653808594,254.29525756835938
1251,73.33489990234375,200.70281982421875,117.824951171875,199.36669921875
1252,198.82940673828125,220.061279296875,233.14390563964844,218.7439727783203
1253,649.9620971679688,99.50357818603516,682.5571899414062,96.83331298828125
1254,723.3764038085938,93.67213439941406,757.1223754882812,90.58612060546875
1255,694.01318359375,217.00839233398438,732.4097290039062,217.4201202392578
1256,993.7666015625,333.57366943359375,1065.1221923828125,345.5048522949219
1257,832.4989624023438,294.3392333984375,881.7456665039062,299.63037109375
1258,980.5410766601562,166.29310607910156,1035.192138671875,163.90931701660156
1259,1016.2830200195312,130.35960388183594,1073.37890625,126.47369384765625
1260,363.847900390625,185.62083435058594,395.72125244140625,184.41006469726562
1261,655.7967529296875,124.87458038330078,688.4907836914062,122.72711944580078
1262,959.9750366210938,123.53719329833984,1012.4036865234375,118.99515533447266
1263,1138.2454833984375,244.9523468017578,1211.03271484375,248.70054626464844
1264,135.6279296875,316.1485900878906,162.76942443847656,317.2716064453125
1265,1106.7164306640625,322.5865478515625,1190.55419921875,333.85943603515625
1266,243.9389190673828,362.45391845703125,264.9632568359375,369.15228271484375
1267,515.09130859375,273.17852783203125,546.8339233398438,274.5069274902344
1268,1081.359375,116.49604797363281,1146.365234375,110.66786193847656
1269,1073.0162353515625,111.32418823242188,1136.9622802734375,105.71887969970703
1270,653.772216796875,77.29608154296875,686.2236938476562,74.55548858642578
1271,937.4330444335938,172.338134765625,987.8029174804688,170.58950805664062
1272,168.0865936279297,6.407259464263916,205.54843139648438,7.357715129852295
1273,533.2424926757812,154.06410217285156,564.5863037109375,152.51634216308594
1274,977.5812377929688,321.4334411621094,1043.2584228515625,331.3829040527344
1275,99.18858337402344,23.267515182495117,139.42420959472656,24.531526565551758
1276,687.7353515625,214.03814697265625,725.982421875,214.22064208984375
1277,680.5181884765625,206.20236206054688,717.86962890625,205.7954864501953
1278,192.42095947265625,200.8949432373047,230.21633911132812,199.3647003173828
1279,116.50858306884766,39.12692642211914,155.88601684570312,40.011112213134766
1280,74.33482360839844,41.36723709106445,115.47286987304688,42.66013717651367
1281,108.7217025756836,220.27549743652344,148.09881591796875,218.8324737548828
1282,520.2728271484375,174.43817138671875,552.0300903320312,172.7400665283203
1283,697.6541137695312,313.656494140625,738.3594360351562,319.7306823730469
1284,983.6279907226562,328.41558837890625,1052.43017578125,339.7191467285156
1285,930.4523315429688,241.9895782470703,989.8912963867188,244.80474853515625
1286,31.41980743408203,283.4602966308594,66.9527587890625,282.45111083984375
1287,183.5435333251953,79.87303924560547,219.91012573242188,80.10360717773438
1288,66.81536102294922,44.54795455932617,107.7657699584961,45.85972595214844
1289,708.6959228515625,215.1067657470703,747.6632080078125,216.01441955566406
1290,468.035888671875,271.0750427246094,498.9254150390625,271.81707763671875
1291,845.5972900390625,318.80413818359375,898.7354125976562,327.0316162109375
1292,513.9253540039062,199.68017578125,545.08056640625,199.0379638671875
1293,51.990814208984375,178.1267547607422,99.24828338623047,177.49537658691406
1294,619.034912109375,232.14715576171875,652.9635620117188,232.45021057128906
1295,955.97314453125,126.03519439697266,1008.1135864257812,121.29485321044922
1296,294.8876647949219,106.08485412597656,329.97369384765625,105.71411895751953
1297,961.689453125,110.35272216796875,1013.9253540039062,104.84601593017578
1298,1032.411865234375,176.765625,1092.7528076171875,174.93170166015625
1299,920.2808227539062,209.98367309570312,978.7208862304688,210.06301879882812
1300,1062.1832275390625,160.11705017089844,1125.52392578125,157.05465698242188
1301,116.84190368652344,117.0137710571289,157.48184204101562,116.53514099121094
1302,1061.7255859375,180.06304931640625,1124.7618408203125,178.19044494628906
1303,1098.2412109375,272.4634094238281,1171.091796875,277.849609375
1304,1010.8743896484375,129.815673828125,1067.051513671875,124.62920379638672
1305,379.4317321777344,197.73410034179688,411.27362060546875,196.66244506835938
1306,687.0546264648438,252.95460510253906,724.810546875,254.6761474609375
1307,958.2734375,154.21153259277344,1011.0525512695312,151.87515258789062
1308,276.352294921875,122.94868469238281,311.8932800292969,122.3701400756836
1309,238.1760711669922,105.31395721435547,274.7247009277344,105.0220947265625
1310,356.1626281738281,147.17498779296875,389.9693908691406,146.2332305908203
1311,976.0060424804688,147.74520874023438,1030.4713134765625,144.6360626220703
1312,998.2166137695312,152.04893493652344,1054.8465576171875,148.7200164794922
1313,687.659423828125,302.2362365722656,726.8453979492188,307.0767822265625
1314,1048.5352783203125,110.19393157958984,1109.524169921875,104.23887634277344
1315,184.74082946777344,60.53784942626953,221.4420166015625,60.77279281616211
1316,1118.223876953125,116.8785629272461,1188.8062744140625,110.20255279541016
1317,939.5230712890625,148.13331604003906,989.982666015625,144.92581176757812
1318,192.39674377441406,52.04668045043945,229.67202758789062,52.35301971435547
1319,76.90943145751953,236.92501831054688,119.50702667236328,234.8821563720703
1320,731.1380615234375,225.67137145996094,771.4583740234375,226.3870391845703
1321,49.485382080078125,175.83189392089844,96.54319763183594,174.79000854492188
1322,1069.191162109375,345.5500183105469,1152.4735107421875,360.5823974609375
1323,1094.131103515625,115.76702117919922,1160.354248046875,109.75344848632812
1324,1113.8782958984375,69.33878326416016,1180.90673828125,60.799312591552734
1325,409.3914794921875,149.076904296875,441.7669982910156,147.68829345703125
1326,721.4963989257812,304.8572082519531,763.2167358398438,310.6087646484375
1327,533.2424926757812,154.06410217285156,564.5863037109375,152.51634216308594
1328,121.3683090209961,37.505157470703125,160.3462371826172,38.451385498046875
1329,319.0478210449219,251.9936065673828,350.77239990234375,251.11724853515625
1330,964.085205078125,129.5817413330078,1016.9216918945312,126.0840072631836
1331,924.8018188476562,200.76470947265625,980.7880249023438,200.74293518066406
1332,661.1332397460938,91.88975524902344,694.01708984375,89.29308319091797
1333,598.6470947265625,281.05584716796875,632.457275390625,283.66375732421875
1334,310.0276184082031,103.48432922363281,344.67254638671875,103.340087890625
1335,214.7700958251953,353.90008544921875,237.24658203125,359.4888610839844
1336,1143.8909912109375,180.30447387695312,1212.9273681640625,179.0903778076172
1337,105.29114532470703,301.14453125,134.85089111328125,301.3750915527344
1338,1065.1973876953125,183.7824249267578,1128.6318359375,182.8096923828125
1339,101.05493927001953,355.2579650878906,122.95079803466797,359.4117736816406
1340,785.7744750976562,110.39204406738281,825.3792724609375,105.50958251953125
1341,508.8996887207031,273.478759765625,540.8792114257812,275.0603942871094
1342,1024.3323974609375,158.94711303710938,1082.542236328125,156.51165771484375
1343,676.5502319335938,88.28089141845703,709.4583129882812,85.74230194091797
1344,1022.600830078125,53.429527282714844,1079.160888671875,44.6589241027832
1345,955.4992065429688,250.4928741455078,1017.4160766601562,254.35699462890625
1346,1032.01171875,74.63945770263672,1090.32666015625,66.90064239501953
1347,813.0582275390625,181.83876037597656,856.8870849609375,180.4136962890625
1348,947.2626342773438,153.35647583007812,998.511474609375,150.47085571289062
1349,760.8525390625,236.3678436279297,802.6415405273438,237.2355499267578
1350,1007.064453125,232.53509521484375,1065.9853515625,233.93435668945312
1351,848.3914794921875,322.8512878417969,901.78759765625,331.6478576660156
1352,550.3308715820312,257.0763854980469,582.3972778320312,258.1990051269531
1353,381.7947692871094,188.19309997558594,415.3580322265625,187.24835205078125
1354,618.7958374023438,173.2754364013672,652.1669311523438,171.67015075683594
1355,452.21051025390625,202.79550170898438,483.4319763183594,201.90139770507812
1356,934.563720703125,331.5606689453125,998.463134765625,342.5287780761719
1357,198.2846221923828,218.00738525390625,233.68875122070312,216.52206420898438
1358,827.2113647460938,118.85284423828125,869.289306640625,115.30194854736328
1359,1083.8189697265625,170.48898315429688,1149.41064453125,168.16258239746094
1360,539.0809326171875,138.52996826171875,570.6439208984375,136.8527069091797
1361,1100.145751953125,328.3743896484375,1183.4097900390625,341.18072509765625
1362,671.511962890625,174.1680145263672,708.026611328125,173.18038940429688
1363,895.3422241210938,178.92996215820312,942.7969970703125,177.29551696777344
1364,911.2999877929688,211.91473388671875,969.2820434570312,213.32115173339844
1365,1081.9951171875,336.0648193359375,1164.6015625,349.57672119140625
1366,936.5720825195312,175.35006713867188,987.2771606445312,173.6748809814453
1367,77.72467041015625,6.0852484703063965,118.15583038330078,7.770191669464111
1368,962.2655639648438,120.59925842285156,1014.8340454101562,115.95885467529297
1369,323.90570068359375,196.12115478515625,356.59478759765625,195.39744567871094
1370,568.8971557617188,283.671630859375,602.3721923828125,286.0742492675781
1371,942.0382690429688,128.08233642578125,993.0771484375,123.96638488769531
1372,703.0137939453125,302.36932373046875,743.4378662109375,307.2276916503906
1373,206.02691650390625,222.49232482910156,241.8965606689453,220.64414978027344
1374,385.7094421386719,196.1136474609375,417.983642578125,195.0992889404297
1375,877.64697265625,317.038330078125,933.35986328125,325.4916076660156
1376,747.7103271484375,117.44140625,785.292724609375,114.13626098632812
1377,198.91993713378906,70.30564880371094,235.36599731445312,70.5677261352539
1378,810.3289184570312,47.483421325683594,847.2461547851562,42.996253967285156
1379,447.2952575683594,172.86087036132812,478.656494140625,171.36367797851562
1380,1036.393798828125,121.1715087890625,1096.96923828125,115.8451156616211
1381,831.46630859375,84.34912109375,872.4844970703125,80.11090850830078
1382,366.52069091796875,354.3497009277344,391.488525390625,361.50140380859375
1383,403.1058349609375,184.0436248779297,434.938232421875,182.95974731445312
1384,152.3065643310547,75.59921264648438,190.3560791015625,75.83211517333984
1385,847.7020263671875,319.4198913574219,901.0233764648438,327.71942138671875
1386,940.7650146484375,172.38018798828125,992.0653686523438,170.39337158203125
1387,805.4857177734375,68.09040832519531,840.6337280273438,64.63621520996094
1388,82.29353332519531,280.48968505859375,115.79783630371094,280.099853515625
1389,1053.50927734375,107.5118637084961,1114.9852294921875,101.38932800292969
1390,488.4217224121094,197.08059692382812,519.7037963867188,195.9957733154297
1391,799.044189453125,106.02923583984375,838.7053833007812,101.53277587890625
1392,663.3465576171875,296.06787109375,701.4069213867188,300.1361999511719
1393,550.9373168945312,238.5646209716797,583.442626953125,238.701904296875
1394,247.7027130126953,94.17412567138672,283.57086181640625,94.06808471679688
1395,780.7259521484375,142.67735290527344,820.5393676757812,140.00436401367188
1396,812.4439086914062,184.93336486816406,855.152587890625,183.10748291015625
1397,1072.9918212890625,107.59072875976562,1136.8856201171875,101.41776275634766
1398,553.0538940429688,269.39373779296875,585.4074096679688,270.7673645019531
1399,106.31443786621094,165.00064086914062,148.8238067626953,164.8973846435547
1400,550.372802734375,250.62855529785156,582.7257690429688,250.92994689941406
1401,975.994140625,67.81745910644531,1027.605712890625,60.10799026489258
1402,95.68566131591797,278.8565673828125,128.44345092773438,278.0762939453125
1403,202.3345489501953,183.54759216308594,240.56617736816406,181.9736328125
1404,807.5250244140625,202.90419006347656,851.5155639648438,202.3970947265625
1405,312.9120178222656,219.81182861328125,346.0029602050781,218.48193359375
1406,804.9969482421875,203.73191833496094,849.3773193359375,203.22885131835938
1407,301.1028747558594,105.6322250366211,336.63873291015625,105.380615234375
1408,78.99895477294922,276.1606140136719,114.02545166015625,275.39166259765625
1409,1068.56884765625,119.45370483398438,1132.239990234375,113.90735626220703
1410,222.60646057128906,99.9444580078125,259.21282958984375,99.81369018554688
1411,1061.7255859375,180.06304931640625,1124.7618408203125,178.19044494628906
1412,874.008056640625,328.8332824707031,930.3297119140625,338.3305358886719
1413,1134.2677001953125,339.7757263183594,1226.518798828125,354.5097961425781
1414,848.627685546875,182.64358520507812,892.490478515625,181.0479736328125
1415,1061.7255859375,180.06304931640625,1124.7618408203125,178.19044494628906
1416,913.8890380859375,218.6042022705078,971.7053833007812,220.2212371826172
1417,149.39556884765625,320.9560241699219,175.0862579345703,322.88580322265625
1418,495.9371032714844,192.7327880859375,527.515869140625,191.58181762695312
1419,1070.0784912109375,334.26385498046875,1150.67724609375,347.2710876464844
1420,612.8268432617188,142.85650634765625,645.0673217773438,140.82492065429688
1421,705.9465942382812,309.8520202636719,746.9270629882812,315.5775451660156
1422,991.27783203125,345.0723571777344,1063.6849365234375,358.4070739746094
1423,817.01953125,194.4496612548828,861.2508544921875,193.98867797851562
1424,181.90121459960938,39.6519889831543,219.24864196777344,40.44717025756836
1425,1015.7169799804688,340.62408447265625,1090.0111083984375,354.19854736328125
1426,1103.9505615234375,124.46582794189453,1171.3333740234375,119.04206848144531
1427,613.0741577148438,179.45162963867188,646.4746704101562,177.90277099609375
1428,159.6716766357422,197.04368591308594,198.9637908935547,196.12249755859375
1429,560.3504028320312,172.70826721191406,592.08837890625,171.3809356689453
1430,60.58363723754883,41.43351364135742,102.09037017822266,43.26020812988281
1431,370.32904052734375,173.94761657714844,402.63470458984375,172.59861755371094
1432,608.6337890625,202.90994262695312,642.6865844726562,202.07432556152344
1433,975.745849609375,62.658164978027344,1027.6273193359375,55.177978515625
1434,55.494850158691406,327.61309814453125,82.48290252685547,328.94256591796875
1435,830.807861328125,314.0625915527344,881.5755004882812,321.6872253417969
1436,1075.150390625,127.52155303955078,1139.844482421875,122.44767761230469
1437,511.927490234375,142.0632781982422,543.1328125,140.05580139160156
1438,828.5986328125,99.38893127441406,869.3599243164062,95.07205963134766
1439,828.337646484375,67.58646392822266,869.2382202148438,62.56641387939453
1440,682.2239379882812,83.98016357421875,715.2952270507812,80.99073028564453
1441,1114.6182861328125,340.9703369140625,1204.4140625,355.70404052734375
1442,197.4365692138672,68.56060791015625,234.2342071533203,68.62140655517578
1443,21.509016036987305,326.1802062988281,49.808021545410156,327.12945556640625
1444,188.89004516601562,105.10511779785156,225.81512451171875,104.96867370605469
1445,180.18865966796875,70.40776062011719,217.10211181640625,70.71636199951172
1446,609.3519287109375,289.4834899902344,644.1737060546875,292.6165466308594
1447,758.3273315429688,124.32820892333984,797.55859375,120.3980484008789
1448,195.02392578125,132.06576538085938,232.5886993408203,131.31478881835938
1449,1089.3248291015625,106.95475006103516,1155.47998046875,100.88862609863281
1450,557.6917114257812,234.8635711669922,590.1180419921875,235.21621704101562
1451,1118.223876953125,116.8785629272461,1188.8062744140625,110.20255279541016
1452,1065.1973876953125,183.7824249267578,1128.6318359375,182.8096923828125
1453,105.69676971435547,278.4744567871094,139.05535888671875,277.5510559082031
1454,54.56324005126953,232.38072204589844,96.36675262451172,229.93270874023438
1455,844.2832641601562,329.9112854003906,897.833740234375,339.6859436035156
1456,302.28228759765625,162.86119079589844,337.46112060546875,161.9263458251953
1457,1021.3526000976562,343.0345764160156,1097.1201171875,356.8009033203125
1458,533.289794921875,160.27940368652344,564.9608764648438,158.885009765625
1459,1110.6236572265625,87.8966293334961,1177.478271484375,80.34883117675781
1460,201.17237854003906,223.2030487060547,235.9530029296875,221.6426544189453
1461,1130.9500732421875,166.9156951904297,1200.3790283203125,164.1184844970703
1462,716.4108276367188,105.67314147949219,751.0521240234375,103.04266357421875
1463,662.67626953125,237.28958129882812,698.6068115234375,238.61856079101562
1464,185.90542602539062,113.49654388427734,222.7972412109375,113.54586791992188
1465,135.51805114746094,215.81951904296875,173.35044860839844,214.42990112304688
1466,1124.38232421875,115.1213607788086,1195.2884521484375,109.0431900024414
1467,955.135009765625,109.55570983886719,1007.3493041992188,104.37789154052734
1468,1148.153076171875,156.6002960205078,1220.6441650390625,153.21287536621094
1469,1014.1582641601562,343.0302429199219,1088.619873046875,356.54791259765625
1470,778.1846313476562,310.2544860839844,824.542236328125,317.03485107421875
1471,931.5057373046875,331.37335205078125,994.1250610351562,342.2884826660156
1472,913.62255859375,149.60389709472656,962.1842651367188,146.70591735839844
1473,709.8710327148438,110.43241119384766,743.9194946289062,107.80128479003906
1474,1144.1275634765625,251.96241760253906,1220.0953369140625,254.95701599121094
1475,23.64153480529785,125.08099365234375,68.40265655517578,124.99417877197266
1476,859.4027709960938,99.05357360839844,902.591064453125,94.56478118896484
1477,164.81854248046875,64.44247436523438,202.4205322265625,65.37421417236328
1478,931.4466552734375,162.7570037841797,981.3923950195312,160.18850708007812
1479,1115.0601806640625,344.55841064453125,1205.1046142578125,359.759765625
1480,613.6095581054688,155.64199829101562,646.5540161132812,153.75860595703125
1481,798.38818359375,188.0000762939453,840.9503173828125,187.18775939941406
1482,129.67599487304688,154.52011108398438,172.39089965820312,153.8446807861328
1483,961.9859619140625,170.73094177246094,1014.9740600585938,169.25506591796875
1484,873.3031005859375,144.81918334960938,917.6476440429688,141.4430389404297
1485,831.2293090820312,322.7092590332031,882.9146118164062,331.3125
1486,32.32752227783203,27.659210205078125,75.12589263916016,29.42418670654297
1487,649.6118774414062,84.53569030761719,682.0831298828125,82.09959411621094
1488,69.09139251708984,154.09783935546875,113.61900329589844,153.69570922851562
1489,585.685791015625,193.71356201171875,618.4116821289062,192.64418029785156
1490,219.5740203857422,108.65216064453125,256.1981201171875,108.34780883789062
1491,807.7542114257812,187.99032592773438,849.3672485351562,186.82321166992188
1492,188.89004516601562,105.10511779785156,225.81512451171875,104.96867370605469
1493,1071.740966796875,132.10107421875,1135.3701171875,127.15055847167969
1494,110.72135162353516,207.00462341308594,152.00460815429688,205.17881774902344
1495,47.5088996887207,11.442879676818848,91.19300079345703,13.089116096496582
1496,184.74082946777344,60.53784942626953,221.4420166015625,60.77279281616211
1497,959.9750366210938,123.53719329833984,1012.4036865234375,118.99515533447266
1498,763.27880859375,122.07464599609375,802.7310791015625,119.45356750488281
1499,891.1636352539062,315.9473876953125,947.9382934570312,324.2332458496094
1500,607.8151245117188,177.7812042236328,640.9569702148438,176.34622192382812
1501,114.05621337890625,145.0055694580078,155.07888793945312,145.12290954589844
1502,687.7353515625,214.03814697265625,725.982421875,214.22064208984375
1503,417.0792541503906,147.95455932617188,449.6012268066406,146.9041290283203
1504,135.37017822265625,312.63739013671875,163.0059356689453,313.997314453125
1505,152.5193328857422,72.01184844970703,190.71510314941406,72.34614562988281
1506,137.93777465820312,172.84201049804688,179.4876708984375,171.62164306640625
1507,609.0281372070312,150.1243896484375,640.839111328125,148.0528106689453
1508,243.20883178710938,121.93156433105469,279.2138671875,121.38420867919922
1509,52.03560256958008,322.5091857910156,79.65872955322266,323.6103515625
1510,1136.1175537109375,110.03495025634766,1208.1614990234375,103.9374771118164
1511,962.311767578125,260.888916015625,1023.8201904296875,265.7174987792969
1512,626.5863647460938,219.89773559570312,660.4700317382812,219.773193359375
1513,1068.786376953125,116.34707641601562,1132.6187744140625,110.74742889404297
1514,485.46368408203125,175.6708984375,516.755126953125,173.991455078125
1515,799.8295288085938,173.4145050048828,841.9639892578125,170.8837890625
1516,1073.053466796875,184.20083618164062,1137.4820556640625,182.78955078125
1517,549.9661254882812,138.6216583251953,581.7924194335938,136.77012634277344
1518,936.5720825195312,175.35006713867188,987.2771606445312,173.6748809814453
1519,804.6924438476562,132.149169921875,845.8368530273438,129.01385498046875
1520,958.0397338867188,99.4963607788086,1009.9176025390625,93.25204467773438
1521,20.75913429260254,20.595935821533203,64.95185852050781,23.049758911132812
1522,1074.677978515625,149.5183868408203,1139.364013671875,145.8363037109375
1523,620.34375,163.34861755371094,653.5399780273438,161.34532165527344
1524,895.3422241210938,178.92996215820312,942.7969970703125,177.29551696777344
1525,959.353271484375,114.64727020263672,1011.4155883789062,109.62653350830078
1526,647.3903198242188,101.2164535522461,680.123291015625,98.94445037841797
1527,86.52249908447266,360.57501220703125,107.65658569335938,365.4085998535156
1528,278.55706787109375,116.87457275390625,313.48760986328125,116.02281188964844
1529,1064.957275390625,97.84568786621094,1127.8072509765625,90.990966796875
1530,363.847900390625,185.62083435058594,395.72125244140625,184.41006469726562
1531,1075.7535400390625,244.37045288085938,1141.74755859375,247.19796752929688
1532,280.3019104003906,126.09677124023438,316.0604553222656,125.91513061523438
1533,28.286945343017578,180.43177795410156,71.54386901855469,179.29653930664062
1534,775.7527465820312,174.93711853027344,818.816650390625,172.3307342529297
1535,189.8983917236328,55.663368225097656,227.274169921875,56.14710235595703
1536,288.002197265625,141.55874633789062,322.6014709472656,140.67405700683594
1537,232.14419555664062,207.84222412109375,268.3723449707031,206.26609802246094
1538,779.7352905273438,307.8729553222656,825.5389404296875,314.0600280761719
1539,79.99736022949219,58.7112922668457,120.62490844726562,59.36638259887695
1540,50.74815368652344,319.9694519042969,78.83016967773438,321.0775146484375
1541,236.0331268310547,98.57328796386719,272.4853210449219,98.34342956542969
1542,236.0331268310547,98.57328796386719,272.4853210449219,98.34342956542969
1543,192.49525451660156,315.1471862792969,218.75518798828125,316.7105407714844
1544,546.753173828125,158.52920532226562,578.6393432617188,157.52215576171875
1545,501.26239013671875,180.39735412597656,533.0332641601562,178.98040771484375
1546,1119.6016845703125,193.8759765625,1191.10888671875,194.05422973632812
1547,1102.2578125,342.8514099121094,1189.2509765625,357.4405517578125
1548,795.1663208007812,72.9554672241211,829.9405517578125,69.1772232055664
1549,228.205322265625,359.9386291503906,249.5969696044922,366.18359375
1550,176.1854705810547,154.20639038085938,213.43809509277344,153.44895935058594
1551,269.568115234375,113.10077667236328,305.3680419921875,112.12748718261719
1552,1156.990234375,253.1515350341797,1234.22802734375,257.0716247558594
1553,929.809326171875,168.60182189941406,978.99267578125,166.22421264648438
1554,812.60595703125,62.71936798095703,848.5304565429688,58.8658561706543
1555,203.21580505371094,135.08837890625,240.93190002441406,134.8446044921875
1556,48.55694580078125,156.39230346679688,96.16849517822266,156.11279296875
1557,471.6285400390625,273.6099853515625,502.25933837890625,274.8104553222656
1558,773.4078369140625,294.3678283691406,817.6734619140625,299.3055419921875
1559,776.2794799804688,104.19442749023438,815.1985473632812,100.28253173828125
1560,940.90966796875,120.33685302734375,990.8964233398438,116.1329116821289
1561,113.71627807617188,193.93865966796875,156.03465270996094,192.8953094482422
1562,243.20883178710938,121.93156433105469,279.2138671875,121.38420867919922
1563,804.229248046875,110.8840560913086,845.1932373046875,107.06745147705078
1564,948.0794067382812,131.41026306152344,999.5054321289062,127.60224914550781
1565,707.1162109375,119.11518096923828,741.052734375,117.06763458251953
1566,999.3734741210938,338.16888427734375,1071.7117919921875,350.2615966796875
1567,29.127843856811523,23.351425170898438,72.16200256347656,25.425434112548828
1568,1132.0748291015625,171.02610778808594,1202.27734375,168.99520874023438
1569,1050.631103515625,241.38758850097656,1114.1580810546875,243.31919860839844
1570,909.9356079101562,127.87601470947266,958.8231811523438,123.75604248046875
1571,28.62503433227539,163.09176635742188,72.30257415771484,162.4582977294922
1572,757.37744140625,301.1414489746094,800.9522705078125,306.6466369628906
1573,780.2631225585938,111.51492309570312,820.3096313476562,107.81405639648438
1574,260.8273620605469,89.9046630859375,296.99749755859375,89.55131530761719
1575,609.3519287109375,289.4834899902344,644.1737060546875,292.6165466308594
1576,552.9981079101562,274.40374755859375,585.9138793945312,276.0865478515625
1577,741.5095825195312,292.7814025878906,783.9442138671875,297.1925048828125
1578,785.7744750976562,110.39204406738281,825.3792724609375,105.50958251953125
1579,208.85287475585938,117.24873352050781,246.11199951171875,117.06040954589844
1580,865.1660766601562,117.404541015625,909.9935302734375,112.7443618774414
1581,630.4918212890625,149.6737518310547,663.2020874023438,147.73277282714844
1582,106.79695892333984,123.559326171875,147.23526000976562,123.16505432128906
1583,699.9218139648438,299.4612121582031,739.6084594726562,304.3984375
1584,946.9152221679688,339.39788818359375,1013.2854614257812,351.5596618652344
1585,226.6638641357422,108.48431396484375,263.55584716796875,108.66633605957031
1586,694.8011474609375,132.8498992919922,730.1900024414062,129.29798889160156
1587,575.9683837890625,288.18377685546875,609.5426635742188,290.9222717285156
1588,718.4876098632812,94.76494598388672,752.9603881835938,92.0514144897461
1589,951.5975341796875,330.0971984863281,1017.3987426757812,341.1448669433594
1590,266.50408935546875,153.0854949951172,302.3476257324219,152.41384887695312
1591,958.0397338867188,99.4963607788086,1009.9176025390625,93.25204467773438
1592,854.275146484375,100.53240966796875,896.4373168945312,96.30056762695312
1593,508.1844482421875,230.1114501953125,539.693359375,230.01693725585938
1594,587.57568359375,198.0362091064453,619.62158203125,197.25042724609375
1595,29.127843856811523,23.351425170898438,72.16200256347656,25.425434112548828
1596,231.0382080078125,357.7912902832031,252.77288818359375,363.9759521484375
1597,727.2200317382812,135.5634002685547,765.665283203125,131.92286682128906
1598,763.201904296875,295.91748046875,806.3765869140625,300.72308349609375
1599,1079.083251953125,352.880615234375,1165.840576171875,368.9794006347656
1600,926.5403442382812,133.97068786621094,975.9114379882812,130.3988800048828
1601,75.1216812133789,346.7850646972656,98.56429290771484,349.8372802734375
1602,483.34619140625,181.5264434814453,516.6071166992188,180.4728546142578
1603,299.5280456542969,352.74200439453125,322.7816467285156,359.2336120605469
1604,107.61913299560547,152.56484985351562,147.57931518554688,151.7171173095703
1605,735.1005859375,114.93785858154297,771.7472534179688,112.2973861694336
1606,939.7825317382812,142.5934295654297,990.5413818359375,139.4340057373047
1607,949.5438842773438,175.6711883544922,1001.9196166992188,173.70022583007812
1608,212.0854949951172,123.68600463867188,249.330810546875,123.2013168334961
1609,299.1526794433594,348.57757568359375,323.3729248046875,354.220703125
1610,106.55103302001953,37.053829193115234,145.8180389404297,38.233238220214844
1611,1111.31640625,99.91175842285156,1179.1090087890625,93.0585708618164
1612,636.0291748046875,139.68287658691406,668.998046875,136.45533752441406
1613,684.5775756835938,210.6380157470703,721.3995971679688,210.9886016845703
1614,706.41357421875,296.6966552734375,746.2442626953125,301.4009094238281
1615,1075.7535400390625,244.37045288085938,1141.74755859375,247.19796752929688
1616,1064.957275390625,97.84568786621094,1127.8072509765625,90.990966796875
1617,135.1214599609375,344.60919189453125,158.63262939453125,348.081787109375
1618,681.0930786132812,214.2869110107422,719.1334838867188,214.6723175048828
1619,148.91375732421875,60.192806243896484,187.4189910888672,60.913536071777344
1620,962.186767578125,132.52638244628906,1014.6064453125,128.93865966796875
1621,1137.0316162109375,169.53102111816406,1207.34912109375,166.6475372314453
1622,706.41357421875,296.6966552734375,746.2442626953125,301.4009094238281
1623,75.1216812133789,346.7850646972656,98.56429290771484,349.8372802734375
1624,112.0484848022461,137.53073120117188,152.3817596435547,137.81103515625
1625,769.9994506835938,305.7818298339844,815.4290161132812,311.92999267578125
1626,959.7827758789062,263.800537109375,1021.0165405273438,268.6750183105469
1627,688.6951293945312,211.0252685546875,727.1710205078125,211.0496368408203
1628,109.55103302001953,149.45448303222656,150.67694091796875,149.32586669921875
1629,230.9559326171875,204.67233276367188,266.391845703125,203.90391540527344
1630,1082.8553466796875,147.52206420898438,1148.2330322265625,143.69654846191406
1631,299.1526794433594,348.57757568359375,323.3729248046875,354.220703125
1632,230.9559326171875,204.67233276367188,266.391845703125,203.90391540527344
1633,643.4508666992188,98.94194030761719,675.882568359375,97.01200103759766
1634,458.04693603515625,199.4131622314453,489.1417236328125,198.38955688476562
1635,295.3917541503906,348.3270568847656,319.1373596191406,353.9512634277344
1636,975.0064697265625,152.1496124267578,1028.3870849609375,148.84268188476562
1637,859.9412841796875,323.399169921875,914.6611328125,332.47821044921875
1638,930.24853515625,121.86515808105469,979.4354858398438,117.96479034423828
1639,1104.24609375,99.05059051513672,1171.37841796875,92.25119018554688
1640,214.5574188232422,152.5476531982422,251.47488403320312,151.86251831054688
1641,681.002685546875,128.31556701660156,716.4739379882812,125.6166763305664
1642,1087.2198486328125,117.00025939941406,1152.985595703125,111.3565673828125
1643,274.5744323730469,128.8373565673828,308.7430114746094,128.42996215820312
1644,831.2293090820312,322.7092590332031,882.9146118164062,331.3125
1645,5.438675880432129,360.693359375,27.655723571777344,364.0877990722656
1646,218.3341064453125,127.50923919677734,255.07281494140625,126.49275207519531
1647,1157.288818359375,213.22515869140625,1226.9581298828125,213.6543426513672
1648,428.3757629394531,197.85256958007812,459.79486083984375,195.88577270507812
1649,241.73622131347656,211.58741760253906,277.12451171875,210.20375061035156
1650,116.48217010498047,138.82467651367188,156.19850158691406,138.72381591796875
1651,1097.1431884765625,97.76644134521484,1164.0098876953125,90.42767333984375
1652,722.4647216796875,312.7027893066406,764.5067138671875,318.8989562988281
1653,689.9944458007812,118.77632904052734,723.9390258789062,115.93392944335938
1654,923.5665893554688,142.85391235351562,973.2969970703125,139.29283142089844
1655,665.4362182617188,130.6224365234375,698.6424560546875,128.58953857421875
1656,906.5337524414062,132.97113037109375,955.1023559570312,129.12054443359375
1657,15.464908599853516,280.25439453125,51.091705322265625,278.6407470703125
1658,177.3694610595703,105.96244812011719,214.2444305419922,105.42285919189453
1659,929.818603515625,130.20277404785156,980.0458984375,125.91210174560547
1660,827.4121704101562,329.3791809082031,879.3316650390625,338.24481201171875
1661,1029.9482421875,349.97576904296875,1108.79638671875,364.8691711425781
1662,217.77667236328125,111.97724914550781,254.633056640625,111.48612213134766
1663,492.9748229980469,330.1964111328125,523.390625,336.28875732421875
1664,760.1138305664062,110.39778137207031,798.4443359375,106.6045913696289
1665,181.48342895507812,206.13909912109375,216.4130859375,203.91873168945312
1666,929.9544067382812,136.98468017578125,979.3551025390625,133.34274291992188
1667,827.4121704101562,329.3791809082031,879.3316650390625,338.24481201171875
1668,1089.3770751953125,130.11715698242188,1156.9549560546875,125.01277923583984
1669,61.00726318359375,71.791748046875,102.84671020507812,72.96406555175781
1670,1146.8768310546875,165.63241577148438,1216.8843994140625,162.3643341064453
1671,1066.139892578125,100.4167709350586,1129.85107421875,93.83696746826172
1672,1118.64208984375,150.8505401611328,1186.7021484375,147.18739318847656
1673,94.37541961669922,38.973655700683594,134.6917266845703,40.39442825317383
1674,585.51611328125,287.1518859863281,619.5193481445312,290.0213623046875
1675,684.5775756835938,210.6380157470703,721.3995971679688,210.9886016845703
1676,638.0654907226562,285.5226135253906,675.038818359375,288.2288818359375
1677,686.5519409179688,199.01239013671875,725.1421508789062,198.24147033691406
1678,796.9794921875,98.79434204101562,836.1222534179688,95.49446868896484
1679,104.95748138427734,159.18345642089844,146.61740112304688,158.24496459960938
